"codigo","fuente","en_configurador","tipo","subtipo","descripcion","referencia_plano","material_PT","acabado_comercial","precio_CO","moneda_CO","estado_CO","precio_EUC","moneda_EUC","estado_EUC","precio_USD","moneda_USD","estado_USD"
"22000002096","PT_CRITTERIUM_8","NO","TAPA","COMPLEMENTO","TAPA ZOCALO INTERMEDIO COMPLEMENTO DE 60CM LINK CRITTERIUM MAC030000","CRAC-010-001","LAMINA","NO_DOCUMENTADO","100800","COP","PRICED","31","USD","PRICED","15","USD","PRICED"
"22000002097","PT_CRITTERIUM_8","NO","TAPA","COMPLEMENTO","TAPA ZOCALO INTERMEDIO COMPLEMENTO DE 75CM LINK CRITTERIUM MAC030000","CRAC-010-001","LAMINA","NO_DOCUMENTADO","122850","COP","PRICED","40","USD","PRICED","18","USD","PRICED"
"22000002098","PT_CRITTERIUM_8","NO","TAPA","COMPLEMENTO","TAPA ZOCALO INTERMEDIO COMPLEMENTO DE 90CM LINK CRITTERIUM MAC030000","CRAC-010-001","LAMINA","NO_DOCUMENTADO","137550","COP","PRICED","42","USD","PRICED","20","USD","PRICED"
"22000002100","PT_CRITTERIUM_8","NO","TAPA","COMPLEMENTO","TAPA ZOCALO INTERMEDIO COMPLEMENTO DE 120CM LINK CRITTERIUM MAC030000","CRAC-010-001","LAMINA","NO_DOCUMENTADO","157500","COP","PRICED","48","USD","PRICED","23","USD","PRICED"
"22000004661","PT_CRITTERIUM_8","NO","KIT","3 PANELES","KIT CAMBIO DE ALTURA EN T (A)=204 MAYOR (B)=166 MAYOR (C)=128. 180 GRADOS TIPO B / LINK CRITTERIUM 8 CRAC080040","","INDEFINIDO","NO_DOCUMENTADO","723450","COP","PRICED","234","USD","PRICED","109","USD","PRICED"
"22000004662","PT_CRITTERIUM_8","NO","KIT","3 PANELES","KIT CAMBIO DE ALTURA EN T (A=B)=166 MAYOR (C)=90. 180 GRADOS TIPO B / LINK CRITTERIUM 8 CRAC080090","","INDEFINIDO","NO_DOCUMENTADO","630000","COP","PRICED","203","USD","PRICED","95","USD","PRICED"
"22000004664","PT_CRITTERIUM_8","NO","KIT","3 PANELES","KIT CAMBIO DE ALTURA EN T (A)=166 MAYOR (B=C)=90. 180 GRADOS TIPO B / LINK CRITTERIUM 8 CRAC080120","","INDEFINIDO","NO_DOCUMENTADO","490350","COP","PRICED","155","USD","PRICED","73","USD","PRICED"
"22000004665","PT_CRITTERIUM_8","NO","KIT","3 PANELES","KIT CAMBIO DE ALTURA EN T (A)=166 MAYOR (B)=128 MAYOR (C)=90. 90 GRADOS / LINK CRITTERIUM 8 CRAC600000","","INDEFINIDO","NO_DOCUMENTADO","590100","COP","PRICED","189","USD","PRICED","88","USD","PRICED"
"22000004666","PT_CRITTERIUM_8","NO","KIT","3 PANELES","KIT CAMBIO DE ALTURA EN T (A)=204 MAYOR (B)=128 MAYOR (C)=90. 90 GRADOS / CRITTERIUM 8 CRAC600000","","INDEFINIDO","NO_DOCUMENTADO","613200","COP","PRICED","195","USD","PRICED","91","USD","PRICED"
"22000004667","PT_CRITTERIUM_8","NO","KIT","3 PANELES","KIT CAMBIO DE ALTURA EN T (A)=204 MAYOR (B)=166 MAYOR (C)=90. 90 GRADOS / CRITTERIUM 8 CRAC600000","","INDEFINIDO","NO_DOCUMENTADO","633150","COP","PRICED","201","USD","PRICED","94","USD","PRICED"
"22000004668","PT_CRITTERIUM_8","NO","KIT","3 PANELES","KIT CAMBIO DE ALTURA EN T (A)=204 MAYOR (B)=166 MAYOR (C)=128. 90 GRADOS / CRITTERIUM 8 CRAC600000","","INDEFINIDO","NO_DOCUMENTADO","669900","COP","PRICED","215","USD","PRICED","100","USD","PRICED"
"22000004669","PT_CRITTERIUM_8","NO","KIT","3 PANELES","KIT CAMBIO DE ALTURA EN T (A=B)=128 MAYOR (C)=90. 90 GRADOS / LINK CRITTERIUM 8 CRAC610000","","INDEFINIDO","NO_DOCUMENTADO","542850","COP","PRICED","172","USD","PRICED","81","USD","PRICED"
"22000004670","PT_CRITTERIUM_8","NO","KIT","3 PANELES","KIT CAMBIO DE ALTURA EN T (A=B)=166 MAYOR (C)=90. 90 GRADOS / LINK CRITTERIUM 8 CRAC610000","","INDEFINIDO","NO_DOCUMENTADO","609000","COP","PRICED","195","USD","PRICED","91","USD","PRICED"
"22000004671","PT_CRITTERIUM_8","NO","KIT","3 PANELES","KIT CAMBIO DE ALTURA EN T (A=B)=204 MAYOR (C)=90. 90 GRADOS / LINK CRITTERIUM 8 CRAC610000","","INDEFINIDO","NO_DOCUMENTADO","656250","COP","PRICED","209","USD","PRICED","98","USD","PRICED"
"22000004672","PT_CRITTERIUM_8","NO","KIT","3 PANELES","KIT CAMBIO DE ALTURA EN T (A=B)=242 MAYOR (C)=90. 90 GRADOS / LINK CRITTERIUM 8 CRAC610000","","INDEFINIDO","NO_DOCUMENTADO","710850","COP","PRICED","223","USD","PRICED","105","USD","PRICED"
"22000004675","PT_CRITTERIUM_8","NO","KIT","3 PANELES","KIT CAMBIO DE ALTURA EN T (A=B)=166 &gt; (C)=128 90 GRADOS / LINK CRITTERIUM 8 CRAC610000","","INDEFINIDO","NO_DOCUMENTADO","622650","COP","PRICED","198","USD","PRICED","93","USD","PRICED"
"22000004676","PT_CRITTERIUM_8","NO","KIT","3 PANELES","KIT CAMBIO DE ALTURA EN T (A=B)=204 MAYOR (C)=128. 90 GRADOS / LINK CRITTERIUM 8 CRAC610000","","INDEFINIDO","NO_DOCUMENTADO","688800","COP","PRICED","220","USD","PRICED","102","USD","PRICED"
"22000004677","PT_CRITTERIUM_8","NO","KIT","3 PANELES","KIT CAMBIO DE ALTURA EN T (A=B)=242 MAYOR (C)=128. 90 GRADOS / LINK CRITTERIUM 8 CRAC610000","","INDEFINIDO","NO_DOCUMENTADO","817950","COP","PRICED","260","USD","PRICED","121","USD","PRICED"
"22000004680","PT_CRITTERIUM_8","NO","KIT","3 PANELES","KIT CAMBIO DE ALTURA EN T (A=B)=204 MAYOR (C)=166. 90 GRADOS / LINK CRITTERIUM 8 CRAC610000","","INDEFINIDO","NO_DOCUMENTADO","762300","COP","PRICED","243","USD","PRICED","114","USD","PRICED"
"22000004681","PT_CRITTERIUM_8","NO","KIT","3 PANELES","KIT CAMBIO DE ALTURA EN T (A=B)=242 MAYOR (C)=166. 90 GRADOS / LINK CRITTERIUM 8 CRAC610000","","INDEFINIDO","NO_DOCUMENTADO","872550","COP","PRICED","277","USD","PRICED","129","USD","PRICED"
"22000004682","PT_CRITTERIUM_8","NO","KIT","3 PANELES","KIT CAMBIO DE ALTURA EN T (A=B)=280 MAYOR (C)=166. 90 GRADOS / LINK CRITTERIUM 8 CRAC610000","","INDEFINIDO","NO_DOCUMENTADO","874650","COP","PRICED","280","USD","PRICED","130","USD","PRICED"
"22000004684","PT_CRITTERIUM_8","NO","KIT","3 PANELES","KIT CAMBIO DE ALTURA EN T (A=B)=242 MAYOR (C)=204. 90 GRADOS / LINK CRITTERIUM 8 CRAC610000","","INDEFINIDO","NO_DOCUMENTADO","964950","COP","PRICED","308","USD","PRICED","144","USD","PRICED"
"22000004687","PT_CRITTERIUM_8","NO","KIT","3 PANELES","KIT CAMBIO DE ALTURA EN T (A)=128 MAYOR (B=C)=90. EN T / LINK CRITTERIUM 8 CRAC620000","","INDEFINIDO","NO_DOCUMENTADO","459900","COP","PRICED","147","USD","PRICED","68","USD","PRICED"
"22000004688","PT_CRITTERIUM_8","NO","KIT","3 PANELES","KIT CAMBIO DE ALTURA EN T (A)=166 MAYOR (B=C)=90. EN T / LINK CRITTERIUM 8 CRAC620000","","INDEFINIDO","NO_DOCUMENTADO","490350","COP","PRICED","155","USD","PRICED","73","USD","PRICED"
"22000004689","PT_CRITTERIUM_8","NO","KIT","3 PANELES","KIT CAMBIO DE ALTURA EN T (A)=204 MAYOR (B=C)=90. EN T / LINK CRITTERIUM 8 CRAC620000","","INDEFINIDO","NO_DOCUMENTADO","514500","COP","PRICED","164","USD","PRICED","77","USD","PRICED"
"22000004690","PT_CRITTERIUM_8","NO","KIT","3 PANELES","KIT CAMBIO DE ALTURA EN T (A)=166 MAYOR (B=C)=128. EN T / LINK CRITTERIUM 8 CRAC620000","","INDEFINIDO","NO_DOCUMENTADO","539700","COP","PRICED","172","USD","PRICED","80","USD","PRICED"
"22000004691","PT_CRITTERIUM_8","NO","KIT","3 PANELES","KIT CAMBIO DE ALTURA EN T (A)=204 MAYOR (B=C)=128. EN T / CRITTERIUM 8 CRAC620000","","INDEFINIDO","NO_DOCUMENTADO","570150","COP","PRICED","181","USD","PRICED","85","USD","PRICED"
"22000004692","PT_CRITTERIUM_8","NO","KIT","3 PANELES","KIT CAMBIO DE ALTURA EN T (A)=204 MAYOR (B=C)=166. EN T / LINK CRITTERIUM 8 CRAC620000","","INDEFINIDO","NO_DOCUMENTADO","678300","COP","PRICED","218","USD","PRICED","101","USD","PRICED"
"22000004693","PT_CRITTERIUM_8","NO","KIT","4 PANELES","KIT CAMBIO DE ALTURA EN CRUZ (A=B)=128 MAYOR (C=D)=90. 180 GRADOS TIPO B / LINK CRITTERIUM 8 CRAC080070","","INDEFINIDO","NO_DOCUMENTADO","666750","COP","PRICED","218","USD","PRICED","102","USD","PRICED"
"22000004694","PT_CRITTERIUM_8","NO","KIT","4 PANELES","KIT CAMBIO DE ALTURA EN CRUZ (A=B)=166 MAYOR (C=D)=90. 180 GRADOS TIPO B / LINK CRITTERIUM 8 CRAC080070","","INDEFINIDO","NO_DOCUMENTADO","743400","COP","PRICED","243","USD","PRICED","113","USD","PRICED"
"22000004695","PT_CRITTERIUM_8","NO","KIT","4 PANELES","KIT CAMBIO DE ALTURA EN CRUZ (A=B)=204 MAYOR (C=D)=90. 180 GRADOS TIPO B / CRITTERIUM 8 CRAC080070","","INDEFINIDO","NO_DOCUMENTADO","849450","COP","PRICED","277","USD","PRICED","129","USD","PRICED"
"22000004696","PT_CRITTERIUM_8","NO","KIT","4 PANELES","KIT CAMBIO DE ALTURA EN CRUZ (A=B)=242 MAYOR (C=D)=90. 180 GRADOS TIPO B / CRITTERIUM 8 CRAC080070","","INDEFINIDO","NO_DOCUMENTADO","851550","COP","PRICED","277","USD","PRICED","130","USD","PRICED"
"22000004699","PT_CRITTERIUM_8","NO","KIT","4 PANELES","KIT CAMBIO DE ALTURA EN CRUZ (A=B)=166 MAYOR (C=D)=128. 180 GRADOS TIPO B / LINK CRITTERIUM 8 CRAC080070","","INDEFINIDO","NO_DOCUMENTADO","780150","COP","PRICED","254","USD","PRICED","118","USD","PRICED"
"22000004700","PT_CRITTERIUM_8","NO","KIT","4 PANELES","KIT CAMBIO DE ALTURA EN CRUZ (A=B)=204 MAYOR (C=D)=128. 180 GRADOS TIPO B / CRITTERIUM 8 CRAC080070","","INDEFINIDO","NO_DOCUMENTADO","897750","COP","PRICED","294","USD","PRICED","136","USD","PRICED"
"22000004701","PT_CRITTERIUM_8","NO","KIT","4 PANELES","KIT CAMBIO DE ALTURA EN CRUZ (A=B)=242 MAYOR (C=D)=128. 180 GRADOS TIPO B / LINK CRITTERIUM 8 CRAC080070","","INDEFINIDO","NO_DOCUMENTADO","893550","COP","PRICED","291","USD","PRICED","136","USD","PRICED"
"22000004704","PT_CRITTERIUM_8","NO","KIT","4 PANELES","KIT CAMBIO DE ALTURA EN CRUZ (A=B)=204 MAYOR (C=D)=166. 180 GRADOS TIPO B / LINK CRITTERIUM 8 CRAC080070","","INDEFINIDO","NO_DOCUMENTADO","974400","COP","PRICED","316","USD","PRICED","148","USD","PRICED"
"22000004705","PT_CRITTERIUM_8","NO","KIT","4 PANELES","KIT CAMBIO DE ALTURA EN CRUZ (A=B)=242 MAYOR (C=D)=166. 180 GRADOS TIPO B / LINK CRITTERIUM 8 CRAC080070","","INDEFINIDO","NO_DOCUMENTADO","967050","COP","PRICED","314","USD","PRICED","147","USD","PRICED"
"22000004708","PT_CRITTERIUM_8","NO","KIT","4 PANELES","KIT CAMBIO DE ALTURA EN CRUZ (A=B)=242 MAYOR (C=D)=204. 180 GRADOS TIPO B / CRITTERIUM 8 CRAC080070","","INDEFINIDO","NO_DOCUMENTADO","1059450","COP","PRICED","345","USD","PRICED","161","USD","PRICED"
"22000004711","PT_CRITTERIUM_8","NO","KIT","4 PANELES","KIT CAMBIO DE ALTURA EN CRUZ (A=B)=128 MAYOR (C=D)=90. 90 GRADOS / CRITTERIUM 8 CRAC080130","","INDEFINIDO","NO_DOCUMENTADO","670950","COP","PRICED","215","USD","PRICED","100","USD","PRICED"
"22000004712","PT_CRITTERIUM_8","NO","KIT","4 PANELES","KIT CAMBIO DE ALTURA EN CRUZ (A=B)=166 MAYOR (C=D)=90. 90 GRADOS / CRITTERIUM 8 CRAC080130","","INDEFINIDO","NO_DOCUMENTADO","736050","COP","PRICED","234","USD","PRICED","109","USD","PRICED"
"22000004713","PT_CRITTERIUM_8","NO","KIT","4 PANELES","KIT CAMBIO DE ALTURA EN CRUZ (A=B)=204 MAYOR (C=D)=90. 90 GRADOS / CRITTERIUM 8 CRAC080130","","INDEFINIDO","NO_DOCUMENTADO","783300","COP","PRICED","249","USD","PRICED","116","USD","PRICED"
"22000004714","PT_CRITTERIUM_8","NO","KIT","4 PANELES","KIT CAMBIO DE ALTURA EN CRUZ (A=B)=242 MAYOR (C=D)=90. 90 GRADOS / CRITTERIUM 8 CRAC080130","","INDEFINIDO","NO_DOCUMENTADO","837900","COP","PRICED","266","USD","PRICED","123","USD","PRICED"
"22000004717","PT_CRITTERIUM_8","NO","KIT","4 PANELES","KIT CAMBIO DE ALTURA EN CRUZ (A=B)=166 MAYOR (C=D)=128. 90 GRADOS / LINK CRITTERIUM 8 CRAC080130","","INDEFINIDO","NO_DOCUMENTADO","768600","COP","PRICED","246","USD","PRICED","114","USD","PRICED"
"22000004718","PT_CRITTERIUM_8","NO","KIT","4 PANELES","KIT CAMBIO DE ALTURA EN CRUZ (A=B)=204 MAYOR (C=D)=128. 90 GRADOS / CRITTERIUM 8 CRAC080130","","INDEFINIDO","NO_DOCUMENTADO","834750","COP","PRICED","266","USD","PRICED","124","USD","PRICED"
"22000004719","PT_CRITTERIUM_8","NO","KIT","4 PANELES","KIT CAMBIO DE ALTURA EN CRUZ (A=B)=242 MAYOR (C=D)=128. 90 GRADOS / LINK CRITTERIUM 8 CRAC080130","","INDEFINIDO","NO_DOCUMENTADO","963900","COP","PRICED","305","USD","PRICED","142","USD","PRICED"
"22000004722","PT_CRITTERIUM_8","NO","KIT","4 PANELES","KIT CAMBIO DE ALTURA EN CRUZ (A=B)=204 MAYOR (C=D)=166. 90 GRADOS / CRITTERIUM 8 CRAC080130","","INDEFINIDO","NO_DOCUMENTADO","922950","COP","PRICED","294","USD","PRICED","137","USD","PRICED"
"22000004723","PT_CRITTERIUM_8","NO","KIT","4 PANELES","KIT CAMBIO DE ALTURA EN CRUZ (A=B)=242 MAYOR (C=D)=166. 90 GRADOS / CRITTERIUM 8 CRAC080130","","INDEFINIDO","NO_DOCUMENTADO","1032150","COP","PRICED","328","USD","PRICED","153","USD","PRICED"
"22000004726","PT_CRITTERIUM_8","NO","KIT","4 PANELES","KIT CAMBIO DE ALTURA EN CRUZ (A=B)=242 MAYOR (C=D)=204. 90 GRADOS / CRITTERIUM 8 CRAC080130","","INDEFINIDO","NO_DOCUMENTADO","1199100","COP","PRICED","384","USD","PRICED","179","USD","PRICED"
"22000004729","PT_CRITTERIUM_8","NO","KIT","4 PANELES","KIT CAMBIO DE ALTURA EN CRUZ (A=B=C)=166 MAYOR (D)=90. EN T / CRITTERIUM 8 CRAC080100","","INDEFINIDO","NO_DOCUMENTADO","707700","COP","PRICED","229","USD","PRICED","106","USD","PRICED"
"22000004730","PT_CRITTERIUM_8","NO","KIT","4 PANELES","KIT CAMBIO DE ALTURA EN CRUZ (A)=128 MAYOR (B=C=D)=90. EN T / CRITTERIUM 8 CRAC630000","","INDEFINIDO","NO_DOCUMENTADO","527100","COP","PRICED","167","USD","PRICED","78","USD","PRICED"
"22000004731","PT_CRITTERIUM_8","NO","KIT","4 PANELES","KIT CAMBIO DE ALTURA EN CRUZ (A)=166 MAYOR (B=C=D)=90. EN T / CRITTERIUM 8 CRAC630000","","INDEFINIDO","NO_DOCUMENTADO","557550","COP","PRICED","178","USD","PRICED","83","USD","PRICED"
"22000004732","PT_CRITTERIUM_8","NO","KIT","4 PANELES","KIT CAMBIO DE ALTURA EN CRUZ (A)=204 MAYOR (B=C=D)=90. EN T / CRITTERIUM 8 CRAC630000","","INDEFINIDO","NO_DOCUMENTADO","581700","COP","PRICED","184","USD","PRICED","86","USD","PRICED"
"22000004733","PT_CRITTERIUM_8","NO","KIT","4 PANELES","KIT CAMBIO DE ALTURA EN CRUZ (A)=166 MAYOR (B=C=D)=128. EN T / CRITTERIUM 8 CRAC630000","","INDEFINIDO","NO_DOCUMENTADO","625800","COP","PRICED","201","USD","PRICED","93","USD","PRICED"
"22000004734","PT_CRITTERIUM_8","NO","KIT","4 PANELES","KIT CAMBIO DE ALTURA EN CRUZ (A)=204 MAYOR (B=C=D)=128. EN T / CRITTERIUM 8 CRAC630000","","INDEFINIDO","NO_DOCUMENTADO","656250","COP","PRICED","209","USD","PRICED","97","USD","PRICED"
"22000004735","PT_CRITTERIUM_8","NO","KIT","4 PANELES","KIT CAMBIO DE ALTURA EN CRUZ (A)=204 MAYOR (B=C=D)=166. EN T / CRITTERIUM 8 CRAC630000","","INDEFINIDO","NO_DOCUMENTADO","779100","COP","PRICED","249","USD","PRICED","116","USD","PRICED"
"22000004736","PT_CRITTERIUM_8","NO","KIT","4 PANELES","KIT CAMBIO DE ALTURA EN CRUZ (A=B)=166 Y (C)=128 MAYOR (D)=90. 90 GRADOS / CRITTERIUM 8 CRAC640000","","INDEFINIDO","NO_DOCUMENTADO","772800","COP","PRICED","249","USD","PRICED","116","USD","PRICED"
"22000004737","PT_CRITTERIUM_8","NO","KIT","4 PANELES","KIT CAMBIO DE ALTURA EN CRUZ (A=B)=204 Y (C)=128 MAYOR (D)=90. 90 GRADOS / CRITTERIUM 8 CRAC640000","","INDEFINIDO","NO_DOCUMENTADO","834750","COP","PRICED","268","USD","PRICED","125","USD","PRICED"
"22000004738","PT_CRITTERIUM_8","NO","KIT","4 PANELES","KIT CAMBIO DE ALTURA EN CRUZ (A=B)=242 Y (C)=128 MAYOR (D)=90. 90 GRADOS / CRITTERIUM 8 CRAC640000","","INDEFINIDO","NO_DOCUMENTADO","882000","COP","PRICED","283","USD","PRICED","132","USD","PRICED"
"22000004741","PT_CRITTERIUM_8","NO","KIT","4 PANELES","KIT CAMBIO DE ALTURA EN CRUZ (A=B)=204 Y (C)=166 MAYOR (D)=90. 90 GRADOS / CRITTERIUM 8 CRAC640000","","INDEFINIDO","NO_DOCUMENTADO","874650","COP","PRICED","283","USD","PRICED","131","USD","PRICED"
"22000004742","PT_CRITTERIUM_8","NO","KIT","4 PANELES","KIT CAMBIO DE ALTURA EN CRUZ (A=B)=242 Y (C)=166 MAYOR (D)=90. 90 GRADOS / CRITTERIUM 8 CRAC640000","","INDEFINIDO","NO_DOCUMENTADO","936600","COP","PRICED","299","USD","PRICED","140","USD","PRICED"
"22000004745","PT_CRITTERIUM_8","NO","KIT","4 PANELES","KIT CAMBIO DE ALTURA EN CRUZ (A=B)=242 Y (C)=204 MAYOR (D)=90. 90 GRADOS / CRITTERIUM 8 CRAC640000","","INDEFINIDO","NO_DOCUMENTADO","1033200","COP","PRICED","333","USD","PRICED","156","USD","PRICED"
"22000004748","PT_CRITTERIUM_8","NO","KIT","4 PANELES","KIT CAMBIO DE ALTURA EN CRUZ (A=B)=204 Y (C)=166 MAYOR (D)=128. 90 GRADOS / LINK CRITTERIUM 8 CRAC640000","","INDEFINIDO","NO_DOCUMENTADO","893550","COP","PRICED","288","USD","PRICED","134","USD","PRICED"
"22000004749","PT_CRITTERIUM_8","NO","KIT","4 PANELES","KIT CAMBIO DE ALTURA EN CRUZ (A=B)=242 Y (C)=166 MAYOR (D)=128. 90 GRADOS / CRITTERIUM 8 CRAC640000","","INDEFINIDO","NO_DOCUMENTADO","956550","COP","PRICED","308","USD","PRICED","143","USD","PRICED"
"22000004750","PT_CRITTERIUM_8","NO","KIT","4 PANELES","KIT CAMBIO DE ALTURA EN CRUZ (A=B)=280 Y (C)=166 MAYOR (D)=128. 90 GRADOS / LINK CRITTERIUM 8 CRAC640000","","INDEFINIDO","NO_DOCUMENTADO","1004850","COP","PRICED","322","USD","PRICED","150","USD","PRICED"
"22000004752","PT_CRITTERIUM_8","NO","KIT","4 PANELES","KIT CAMBIO DE ALTURA EN CRUZ (A=B)=242 Y (C)=204 MAYOR (D)=128. 90 GRADOS / CRITTERIUM 8 CRAC640000","","INDEFINIDO","NO_DOCUMENTADO","1057350","COP","PRICED","342","USD","PRICED","159","USD","PRICED"
"22000004755","PT_CRITTERIUM_8","NO","KIT","4 PANELES","KIT CAMBIO DE ALTURA EN CRUZ (A=B)=242 Y (C)=204 MAYOR (D)=166. 90 GRADOS / CRITTERIUM 8 CRAC640000","","INDEFINIDO","NO_DOCUMENTADO","1108800","COP","PRICED","359","USD","PRICED","167","USD","PRICED"
"22000004758","PT_CRITTERIUM_8","NO","KIT","4 PANELES","KIT CAMBIO DE ALTURA EN CRUZ (A)=166 Y (B)=128 MAYOR (C=D)=90. 90 GRADOS / CRITTERIUM 8 CRAC080110","","INDEFINIDO","NO_DOCUMENTADO","718200","COP","PRICED","229","USD","PRICED","107","USD","PRICED"
"22000004759","PT_CRITTERIUM_8","NO","KIT","4 PANELES","KIT CAMBIO DE ALTURA EN CRUZ (A)=204 Y (B)=128 MAYOR (C=D)=90. 90 GRADOS / CRITTERIUM 8 CRAC080110","","INDEFINIDO","NO_DOCUMENTADO","741300","COP","PRICED","237","USD","PRICED","110","USD","PRICED"
"22000004760","PT_CRITTERIUM_8","NO","KIT","4 PANELES","KIT CAMBIO DE ALTURA EN CRUZ (A)=204 Y (B)=166 MAYOR (C=D)=90. 90 GRADOS / CRITTERIUM 8 CRAC080110","","INDEFINIDO","NO_DOCUMENTADO","760200","COP","PRICED","243","USD","PRICED","113","USD","PRICED"
"22000004761","PT_CRITTERIUM_8","NO","KIT","4 PANELES","KIT CAMBIO DE ALTURA EN CRUZ (A)=204 Y (B)=166 MAYOR (C=D)=128. 90 GRADOS / CRITTERIUM 8 CRAC080110","","INDEFINIDO","NO_DOCUMENTADO","817950","COP","PRICED","260","USD","PRICED","122","USD","PRICED"
"22000004762","PT_CRITTERIUM_8","NO","KIT","4 PANELES","KIT CAMBIO DE ALTURA EN CRUZ (A)=166 Y (B=C)=128 MAYOR (D)=90. 180 GRADOS TIPO B / CRITTERIUM 8 CRAC650000","","INDEFINIDO","NO_DOCUMENTADO","688800","COP","PRICED","223","USD","PRICED","104","USD","PRICED"
"22000004763","PT_CRITTERIUM_8","NO","KIT","4 PANELES","KIT CAMBIO DE ALTURA EN CRUZ (A)=204 Y (B=C)=128 MAYOR (D)=90. 180 GRADOS TIPO B / CRITTERIUM 8 CRAC650000","","INDEFINIDO","NO_DOCUMENTADO","719250","COP","PRICED","232","USD","PRICED","108","USD","PRICED"
"22000004764","PT_CRITTERIUM_8","NO","KIT","4 PANELES","KIT CAMBIO DE ALTURA EN CRUZ (A)=204 Y (B=C)=166 MAYOR (D)=90. 180 GRADOS TIPO B / CRITTERIUM 8 CRAC650000","","INDEFINIDO","NO_DOCUMENTADO","791700","COP","PRICED","254","USD","PRICED","119","USD","PRICED"
"22000004765","PT_CRITTERIUM_8","NO","KIT","4 PANELES","KIT CAMBIO DE ALTURA EN CRUZ (A)=204 Y (B=C)=166 MAYOR (D)=128. 180 GRADOS TIPO B / CRITTERIUM 8 CRAC650000","","INDEFINIDO","NO_DOCUMENTADO","809550","COP","PRICED","260","USD","PRICED","122","USD","PRICED"
"22000004766","PT_CRITTERIUM_8","NO","KIT","4 PANELES","KIT CAMBIO DE ALTURA EN CRUZ (A)=166 Y (B=C)=128 MAYOR (D)=90. EN T / CRITTERIUM 8 CRAC660000","","INDEFINIDO","NO_DOCUMENTADO","688800","COP","PRICED","223","USD","PRICED","104","USD","PRICED"
"22000004767","PT_CRITTERIUM_8","NO","KIT","4 PANELES","KIT CAMBIO DE ALTURA EN CRUZ (A)=204 Y (B=C)=128 MAYOR (D)=90. EN T / CRITTERIUM 8 CRAC660000","","INDEFINIDO","NO_DOCUMENTADO","719250","COP","PRICED","232","USD","PRICED","108","USD","PRICED"
"22000004768","PT_CRITTERIUM_8","NO","KIT","4 PANELES","KIT CAMBIO DE ALTURA EN CRUZ (A)=204 Y (B=C)=166 MAYOR (D)=90. EN T / CRITTERIUM 8 CRAC660000","","INDEFINIDO","NO_DOCUMENTADO","791700","COP","PRICED","254","USD","PRICED","119","USD","PRICED"
"22000004769","PT_CRITTERIUM_8","NO","KIT","4 PANELES","KIT CAMBIO DE ALTURA EN CRUZ (A)=204 Y (B=C)=166 MAYOR (D)=128. EN T / CRITTERIUM 8 CRAC660000","","INDEFINIDO","NO_DOCUMENTADO","809550","COP","PRICED","260","USD","PRICED","122","USD","PRICED"
"22000004770","PT_CRITTERIUM_8","NO","KIT","4 PANELES","KIT CAMBIO DE ALTURA EN CRUZ (A)=166 Y (B)=128 MAYOR (C=D)=90. 180 GRADOS TIPO B / CRITTERIUM 8 CRAC670000","","INDEFINIDO","NO_DOCUMENTADO","749700","COP","PRICED","243","USD","PRICED","114","USD","PRICED"
"22000004771","PT_CRITTERIUM_8","NO","KIT","4 PANELES","KIT CAMBIO DE ALTURA EN CRUZ (A)=204 Y (B)=128 MAYOR (C=D)=90. 180 GRADOS TIPO B / LINK CRITTERIUM 8 CRAC670000","","INDEFINIDO","NO_DOCUMENTADO","782250","COP","PRICED","254","USD","PRICED","119","USD","PRICED"
"22000004772","PT_CRITTERIUM_8","NO","KIT","4 PANELES","KIT CAMBIO DE ALTURA EN CRUZ (A)=204 Y (B)=166 MAYOR (C=D)=90. 180 GRADOS TIPO B / CRITTERIUM 8 CRAC670000","","INDEFINIDO","NO_DOCUMENTADO","803250","COP","PRICED","260","USD","PRICED","122","USD","PRICED"
"22000004773","PT_CRITTERIUM_8","NO","KIT","4 PANELES","KIT CAMBIO DE ALTURA EN CRUZ (A)=204 Y (B)=166 MAYOR (C=D)=128. 180 GRADOS TIPO B / CRITTERIUM 8 CRAC670000","","INDEFINIDO","NO_DOCUMENTADO","863100","COP","PRICED","280","USD","PRICED","131","USD","PRICED"
"22000005128","PT_CRITTERIUM_8","NO","KIT","2 PANELES","KIT CAMBIO DE ALTURA (A)=166 MAYOR (B)=90. 45 GRADOS / LINK CRITTERIUM 8 CRAC080020","","INDEFINIDO","NO_DOCUMENTADO","373800","COP","PRICED","119","USD","PRICED","56","USD","PRICED"
"22000005129","PT_CRITTERIUM_8","NO","KIT","2 PANELES","KIT CAMBIO DE ALTURA (A)=166 &gt; (B)=90, 90 GRADOS / LINK CRITTERIUM 8 CRAC080080","","INDEFINIDO","NO_DOCUMENTADO","432600","COP","PRICED","138","USD","PRICED","64","USD","PRICED"
"22000005130","PT_CRITTERIUM_8","NO","KIT","2 PANELES","KIT CAMBIO DE ALTURA (A)=166 MAYOR (B)=90. 180 GRADOS / LINK CRITTERIUM 8 CRAC080010","","INDEFINIDO","NO_DOCUMENTADO","197400","COP","PRICED","65","USD","PRICED","30","USD","PRICED"
"22000005131","PT_CRITTERIUM_8","NO","KIT","2 PANELES","KIT CAMBIO DE ALTURA (A)=166 MAYOR (B)=90. 180 GRADOS TIPO B / CRITTERIUM 8 CRAC080060","","INDEFINIDO","NO_DOCUMENTADO","450450","COP","PRICED","144","USD","PRICED","67","USD","PRICED"
"22000005132","PT_CRITTERIUM_8","NO","KIT","3 PANELES","KIT CAMBIO DE ALTURA (A)=166 MAYOR (B=C)=90. 120 GRADOS / CRITTERIUM 8 CRAC080030","","INDEFINIDO","NO_DOCUMENTADO","492450","COP","PRICED","155","USD","PRICED","73","USD","PRICED"
"22000005133","PT_CRITTERIUM_8","NO","KIT","3 PANELES","KIT CAMBIO DE ALTURA (A)=204 MAYOR (B=C)=90. 120 GRADOS / CRITTERIUM 8 CRAC080030","","INDEFINIDO","NO_DOCUMENTADO","515550","COP","PRICED","164","USD","PRICED","77","USD","PRICED"
"22000005134","PT_CRITTERIUM_8","NO","KIT","3 PANELES","KIT CAMBIO DE ALTURA EN T (A)=166 MAYOR (B)=128 MAYOR (C)=90. 180 GRADOS TIPO B / CRITTERIUM 8 CRAC080040","","INDEFINIDO","NO_DOCUMENTADO","606900","COP","PRICED","195","USD","PRICED","91","USD","PRICED"
"22000005135","PT_CRITTERIUM_8","NO","KIT","3 PANELES","KIT CAMBIO DE ALTURA EN T (A)=204 MAYOR (B)=128 MAYOR (C)=90. 180 GRADOS TIPO B / CRITTERIUM 8 CRAC080040","","INDEFINIDO","NO_DOCUMENTADO","639450","COP","PRICED","206","USD","PRICED","96","USD","PRICED"
"22000005136","PT_CRITTERIUM_8","NO","KIT","3 PANELES","KIT CAMBIO DE ALTURA EN T (A)=204 MAYOR (B)=166 MAYOR (C)=90. 180 GRADOS TIPO B / CRITTERIUM 8 CRAC080040","","INDEFINIDO","NO_DOCUMENTADO","722400","COP","PRICED","232","USD","PRICED","109","USD","PRICED"
"22000006207","PT_CRITTERIUM_8","NO","BALDOSA","RECEPCION C8","BALDOSA TODO VIDRIO LAMINADO RECEPCION 90X60X1.5 LINK CRITTERIUM 8 CRBA570000","CRBA-570-000","VIDRIO LAMINADO","NO_DOCUMENTADO","687750","COP","PRICED","246","USD","PRICED","114","USD","PRICED"
"22000006208","PT_CRITTERIUM_8","NO","BALDOSA","RECEPCION C8","BALDOSA TODO VIDRIO LAMINADO RECEPCION 90X75X1.5CM LINK CRITTERIUM 8 CRBA570000","","VIDRIO LAMINADO","NO_DOCUMENTADO","803250","COP","PRICED","285","USD","PRICED","133","USD","PRICED"
"22000010002","PT_CRITTERIUM_8","NO","KIT","1 PANEL","KIT LLEGADA A PARED SIN CANALETA DE 110CM LINK CRITTERIUM CRAC020000","CRAC-020-000","INDEFINIDO","NO_DOCUMENTADO","224700","COP","PRICED","71","USD","PRICED","33","USD","PRICED"
"22000010815","PT_CRITTERIUM_8","NO","KIT","1 PANEL","KIT LLEGADA A PARED CON CANALETA DE 110CM LINK CRITTERIUM CRAC030000","CRAC-030-000","INDEFINIDO","NO_DOCUMENTADO","315000","COP","PRICED","105","USD","PRICED","49","USD","PRICED"
"22000014319","PT_CRITTERIUM_8","SI","KIT","2 PANELES","KIT UNION A 180 GRADOS DE 90CM LINK CRITTERIUM 8 CRAC070100","CRAC-070-100","PLASTICO","NO_DOCUMENTADO","122850","COP","PRICED","42","USD","PRICED","19","USD","PRICED"
"22000014320","PT_CRITTERIUM_8","SI","KIT","2 PANELES","KIT UNION A 180 GRADOS DE 110CM LINK CRITTERIUM 8 CRAC070100","CRAC-070-100","PLASTICO","NO_DOCUMENTADO","123900","COP","PRICED","42","USD","PRICED","19","USD","PRICED"
"22000014321","PT_CRITTERIUM_8","SI","KIT","2 PANELES","KIT UNION A 180 GRADOS DE 128CM LINK CRITTERIUM 8 CRAC070100","CRAC-070-100","PLASTICO","NO_DOCUMENTADO","123900","COP","PRICED","42","USD","PRICED","19","USD","PRICED"
"22000014322","PT_CRITTERIUM_8","SI","KIT","2 PANELES","KIT UNION A 180 GRADOS DE 166CM LINK CRITTERIUM 8 CRAC070100","CRAC-070-100","PLASTICO","NO_DOCUMENTADO","124950","COP","PRICED","42","USD","PRICED","20","USD","PRICED"
"22000014323","PT_CRITTERIUM_8","SI","KIT","2 PANELES","KIT UNION A 180 GRADOS DE 204CM LINK CRITTERIUM 8 CRAC070100","CRAC-070-100","PLASTICO","NO_DOCUMENTADO","140700","COP","PRICED","48","USD","PRICED","22","USD","PRICED"
"22000024318","PT_CRITTERIUM_8","NO","MARCO PANEL","RECEPCION","MARCO PANEL RECEPCION 90X120CM PARA SUPERFICIE MOSTRADOR 90 O 105CM LINK CRITTERIUM 8 CRMA150000","CRMA-150-000","LAMINA","NO_DOCUMENTADO","432600","COP","PRICED","138","USD","PRICED","65","USD","PRICED"
"22000024319","PT_CRITTERIUM_8","NO","MARCO PANEL","RECEPCION","MARCO PANEL RECEPCION 90X150CM PARA SUPERFICIE MOSTRADOR 90 O 105CM LINK CRITTERIUM 8 CRMA150000","CRMA-150-000","LAMINA","NO_DOCUMENTADO","470400","COP","PRICED","153","USD","PRICED","71","USD","PRICED"
"22000027744","PT_CRITTERIUM_8","SI","KIT","2 PANELES","KIT UNION A 180 GRADOS DE 242, 280, 318CM LINK CRITTERIUM 8 CRAC070150","CRAC-070-150","INDEFINIDO","NO_DOCUMENTADO","91350","COP","PRICED","28","USD","PRICED","14","USD","PRICED"
"22000027834","PT_CRITTERIUM_8","SI","MARCO PANEL","MONTANTE","MARCO PANEL MONTANTE PANEL 204 - 242X30CM H:A: P: CM LINK CRITTERIUM CRMA060000","","LAMINA","NO_DOCUMENTADO","580650","COP","PRICED","181","USD","PRICED","85","USD","PRICED"
"22000027835","PT_CRITTERIUM_8","SI","MARCO PANEL","MONTANTE","MARCO PANEL MONTANTE PANEL 204 - 242X45CM H: A: P: CM LINK CRITTERIUM CRMA060000","","LAMINA","NO_DOCUMENTADO","583800","COP","PRICED","184","USD","PRICED","85","USD","PRICED"
"22000027836","PT_CRITTERIUM_8","SI","MARCO PANEL","MONTANTE","MARCO PANEL MONTANTE PANEL 204 - 242X60CM H: A: P: CM LINK CRITTERIUM CRMA060000","","LAMINA","NO_DOCUMENTADO","586950","COP","PRICED","184","USD","PRICED","86","USD","PRICED"
"22000027837","PT_CRITTERIUM_8","SI","MARCO PANEL","MONTANTE","MARCO PANEL MONTANTE PANEL 204 - 242X75CM H: A: P: CM LINK CRITTERIUM CRMA060000","","LAMINA","NO_DOCUMENTADO","590100","COP","PRICED","184","USD","PRICED","86","USD","PRICED"
"22000027838","PT_CRITTERIUM_8","SI","MARCO PANEL","MONTANTE","MARCO PANEL MONTANTE PANEL 204 - 242X90CM H: A: P: CM LINK CRITTERIUM CRMA060000","","LAMINA","NO_DOCUMENTADO","597450","COP","PRICED","186","USD","PRICED","87","USD","PRICED"
"22000027839","PT_CRITTERIUM_8","SI","MARCO PANEL","MONTANTE","MARCO PANEL MONTANTE PANEL 204 - 242X120CM H: A: P: CM LINK CRITTERIUM CRMA060000","","LAMINA","NO_DOCUMENTADO","600600","COP","PRICED","186","USD","PRICED","88","USD","PRICED"
"22000027840","PT_CRITTERIUM_8","SI","MARCO PANEL","MONTANTE","MARCO PANEL MONTANTE PANEL 204 - 280X30CM H: A: P: CM LINK CRITTERIUM CRMA060000","","LAMINA","NO_DOCUMENTADO","507150","COP","PRICED","164","USD","PRICED","76","USD","PRICED"
"22000027841","PT_CRITTERIUM_8","SI","MARCO PANEL","MONTANTE","MARCO PANEL MONTANTE PANEL 204 - 280X45CM H: A: P: CM LINK CRITTERIUM CRMA060000","","LAMINA","NO_DOCUMENTADO","511350","COP","PRICED","164","USD","PRICED","76","USD","PRICED"
"22000027842","PT_CRITTERIUM_8","SI","MARCO PANEL","MONTANTE","MARCO PANEL MONTANTE PANEL 204 - 280X60CM H: A: P: CM LINK CRITTERIUM CRMA060000","","LAMINA","NO_DOCUMENTADO","513450","COP","PRICED","164","USD","PRICED","77","USD","PRICED"
"22000027843","PT_CRITTERIUM_8","SI","MARCO PANEL","MONTANTE","MARCO PANEL MONTANTE PANEL 204 - 280X75CM H: A: P: CM LINK CRITTERIUM CRMA060000","","LAMINA","NO_DOCUMENTADO","517650","COP","PRICED","167","USD","PRICED","77","USD","PRICED"
"22000027844","PT_CRITTERIUM_8","SI","MARCO PANEL","MONTANTE","MARCO PANEL MONTANTE PANEL 204 - 280X90CM H: A: P: CM LINK CRITTERIUM CRMA060000","","LAMINA","NO_DOCUMENTADO","523950","COP","PRICED","167","USD","PRICED","78","USD","PRICED"
"22000027845","PT_CRITTERIUM_8","SI","MARCO PANEL","MONTANTE","MARCO PANEL MONTANTE PANEL 204 - 280X120CM H: A: P: CM LINK CRITTERIUM CRMA060000","","LAMINA","NO_DOCUMENTADO","527100","COP","PRICED","170","USD","PRICED","79","USD","PRICED"
"22000027846","PT_CRITTERIUM_8","SI","MARCO PANEL","MONTANTE","MARCO PANEL MONTANTE PANEL 204 - 318X30CM H: A: P: CM LINK CRITTERIUM CRMA060000","","LAMINA","NO_DOCUMENTADO","527100","COP","PRICED","167","USD","PRICED","78","USD","PRICED"
"22000027847","PT_CRITTERIUM_8","SI","MARCO PANEL","MONTANTE","MARCO PANEL MONTANTE PANEL 204 - 318X45CM H: A: P: CM LINK CRITTERIUM CRMA060000","","LAMINA","NO_DOCUMENTADO","531300","COP","PRICED","170","USD","PRICED","79","USD","PRICED"
"22000027848","PT_CRITTERIUM_8","SI","MARCO PANEL","MONTANTE","MARCO PANEL MONTANTE PANEL 204 - 318X60CM H: A: P: CM LINK CRITTERIUM CRMA060000","","LAMINA","NO_DOCUMENTADO","534450","COP","PRICED","170","USD","PRICED","79","USD","PRICED"
"22000027849","PT_CRITTERIUM_8","SI","MARCO PANEL","MONTANTE","MARCO PANEL MONTANTE PANEL 204 - 318X75CM H: A: P: CM LINK CRITTERIUM CRMA060000","","LAMINA","NO_DOCUMENTADO","537600","COP","PRICED","172","USD","PRICED","80","USD","PRICED"
"22000027850","PT_CRITTERIUM_8","SI","MARCO PANEL","MONTANTE","MARCO PANEL MONTANTE PANEL 204 - 318X90CM H: A: P: CM LINK CRITTERIUM CRMA060000","","LAMINA","NO_DOCUMENTADO","544950","COP","PRICED","172","USD","PRICED","81","USD","PRICED"
"22000027851","PT_CRITTERIUM_8","SI","MARCO PANEL","MONTANTE","MARCO PANEL MONTANTE PANEL 204 - 318X120CM H: A: P: CM LINK CRITTERIUM CRMA060000","","LAMINA","NO_DOCUMENTADO","548100","COP","PRICED","175","USD","PRICED","81","USD","PRICED"
"22000027893","PT_CRITTERIUM_8","NO","MARCO PANEL","RECEPCION","MARCO PANEL RECEPCION 90X90CM PARA SUPERFICIE MOSTRADOR 90CM LINK CRITTERIUM 8 CRMA150000","CRMA-150-000","LAMINA","NO_DOCUMENTADO","400050","COP","PRICED","130","USD","PRICED","60","USD","PRICED"
"22000027894","PT_CRITTERIUM_8","NO","MARCO PANEL","RECEPCION","MARCO PANEL RECEPCION 90X120CM PARA SUPERFICIE MOSTRADOR 120CM LINK CRITTERIUM 8 CRMA150000","CRMA-150-000","LAMINA","NO_DOCUMENTADO","449400","COP","PRICED","144","USD","PRICED","68","USD","PRICED"
"22000027895","PT_CRITTERIUM_8","NO","MARCO PANEL","RECEPCION","MARCO PANEL RECEPCION 90X150CM PARA SUPERFICIE MOSTRADOR 120CM LINK CRITTERIUM 8 CRMA150000","CRMA-150-000","LAMINA","NO_DOCUMENTADO","518700","COP","PRICED","167","USD","PRICED","78","USD","PRICED"
"22191200713","PT_CRITTERIUM_8","NO","MARCO PANEL","RECTO","MARCO PANEL PISO TECHO 242X30X8CM BOCC MULTIPLE MMA010000","","LAMINA","NO_DOCUMENTADO","","COP","CODE_WITHOUT_PRICE","","USD","CODE_WITHOUT_PRICE","","USD","CODE_WITHOUT_PRICE"
"22191200715","PT_CRITTERIUM_8","NO","MARCO PANEL","RECTO","MARCO PANEL PISO TECHO 242X45X8CM BOCC MULTIPLE MMA010000","","LAMINA","NO_DOCUMENTADO","","COP","CODE_WITHOUT_PRICE","","USD","CODE_WITHOUT_PRICE","","USD","CODE_WITHOUT_PRICE"
"22191200718","PT_CRITTERIUM_8","NO","MARCO PANEL","RECTO","MARCO PANEL PISO TECHO 242X60X8CM BOCC MULTIPLE MMA010000","","LAMINA","NO_DOCUMENTADO","","COP","CODE_WITHOUT_PRICE","","USD","CODE_WITHOUT_PRICE","","USD","CODE_WITHOUT_PRICE"
"22191200720","PT_CRITTERIUM_8","NO","MARCO PANEL","RECTO","MARCO PANEL PISO TECHO 242X75X8CM BOCC MULTIPLE MMA010000","","LAMINA","NO_DOCUMENTADO","","COP","CODE_WITHOUT_PRICE","","USD","CODE_WITHOUT_PRICE","","USD","CODE_WITHOUT_PRICE"
"22191200723","PT_CRITTERIUM_8","NO","MARCO PANEL","RECTO","MARCO PANEL PISO TECHO 242X90X8CM BOCC MULTIPLE MMA010000","","LAMINA","NO_DOCUMENTADO","","COP","CODE_WITHOUT_PRICE","","USD","CODE_WITHOUT_PRICE","","USD","CODE_WITHOUT_PRICE"
"22191200725","PT_CRITTERIUM_8","NO","MARCO PANEL","RECTO","MARCO PANEL PISO TECHO 242X105X8CM BOCC MULTIPLE MMA010000","","LAMINA","NO_DOCUMENTADO","","COP","CODE_WITHOUT_PRICE","","USD","CODE_WITHOUT_PRICE","","USD","CODE_WITHOUT_PRICE"
"22191200728","PT_CRITTERIUM_8","NO","MARCO PANEL","RECTO","MARCO PANEL PISO TECHO 242X120X8CM BOCC MULTIPLE MMA010000","","LAMINA","NO_DOCUMENTADO","","COP","CODE_WITHOUT_PRICE","","USD","CODE_WITHOUT_PRICE","","USD","CODE_WITHOUT_PRICE"
"22191200730","PT_CRITTERIUM_8","NO","MARCO PANEL","RECTO","MARCO PANEL PISO TECHO 280X30X8CM BOCC MULTIPLE MMA010000","","LAMINA","NO_DOCUMENTADO","","COP","CODE_WITHOUT_PRICE","","USD","CODE_WITHOUT_PRICE","","USD","CODE_WITHOUT_PRICE"
"22191200733","PT_CRITTERIUM_8","NO","MARCO PANEL","RECTO","MARCO PANEL PISO TECHO 280X45X8CM BOCC MULTIPLE MMA010000","","LAMINA","NO_DOCUMENTADO","","COP","CODE_WITHOUT_PRICE","","USD","CODE_WITHOUT_PRICE","","USD","CODE_WITHOUT_PRICE"
"22191200735","PT_CRITTERIUM_8","NO","MARCO PANEL","RECTO","MARCO PANEL PISO TECHO 280X60X8CM BOCC MULTIPLE MMA010000","","LAMINA","NO_DOCUMENTADO","","COP","CODE_WITHOUT_PRICE","","USD","CODE_WITHOUT_PRICE","","USD","CODE_WITHOUT_PRICE"
"22191200738","PT_CRITTERIUM_8","NO","MARCO PANEL","RECTO","MARCO PANEL PISO TECHO 280X75X8CM BOCC MULTIPLE MMA010000","","LAMINA","NO_DOCUMENTADO","","COP","CODE_WITHOUT_PRICE","","USD","CODE_WITHOUT_PRICE","","USD","CODE_WITHOUT_PRICE"
"22191200740","PT_CRITTERIUM_8","NO","MARCO PANEL","RECTO","MARCO PANEL PISO TECHO 280X90X8CM BOCC MULTIPLE MMA010000","","LAMINA","NO_DOCUMENTADO","","COP","CODE_WITHOUT_PRICE","","USD","CODE_WITHOUT_PRICE","","USD","CODE_WITHOUT_PRICE"
"22191200745","PT_CRITTERIUM_8","NO","MARCO PANEL","RECTO","MARCO PANEL PISO TECHO 280X120X8CM BOCC MULTIPLE MMA010000","","LAMINA","NO_DOCUMENTADO","","COP","CODE_WITHOUT_PRICE","","USD","CODE_WITHOUT_PRICE","","USD","CODE_WITHOUT_PRICE"
"22191200755","MAPA_PRODUCTO","SI","","","","","","NO_DOCUMENTADO","578000","COP","PRICED","","USD","CODE_WITHOUT_PRICE","90","USD","PRICED"
"22191301822","MAPA_PRODUCTO","SI","","","","","","NO_DOCUMENTADO","190050","COP","PRICED","62","USD","PRICED","29","USD","PRICED"
"22191301823","MAPA_PRODUCTO","SI","","","","","","NO_DOCUMENTADO","246750","COP","PRICED","79","USD","PRICED","37","USD","PRICED"
"22191301836","MAPA_PRODUCTO","SI","","","","","","NO_DOCUMENTADO","142800","COP","PRICED","45","USD","PRICED","22","USD","PRICED"
"22191301837","MAPA_PRODUCTO","SI","","","","","","NO_DOCUMENTADO","166950","COP","PRICED","54","USD","PRICED","25","USD","PRICED"
"22191301838","MAPA_PRODUCTO","SI","","","","","","NO_DOCUMENTADO","214200","COP","PRICED","71","USD","PRICED","33","USD","PRICED"
"22191301839","MAPA_PRODUCTO","SI","","","","","","NO_DOCUMENTADO","278250","COP","PRICED","90","USD","PRICED","42","USD","PRICED"
"22191302064","MAPA_PRODUCTO","SI","","","","","","NO_DOCUMENTADO","159600","COP","PRICED","51","USD","PRICED","24","USD","PRICED"
"22191302071","MAPA_PRODUCTO","SI","","","","","","NO_DOCUMENTADO","164850","COP","PRICED","54","USD","PRICED","25","USD","PRICED"
"22191302072","MAPA_PRODUCTO","SI","","","","","","NO_DOCUMENTADO","196350","COP","PRICED","65","USD","PRICED","30","USD","PRICED"
"22191302074","MAPA_PRODUCTO","SI","","","","","","NO_DOCUMENTADO","215250","COP","PRICED","71","USD","PRICED","33","USD","PRICED"
"22191302082","MAPA_PRODUCTO","SI","","","","","","NO_DOCUMENTADO","128100","COP","PRICED","42","USD","PRICED","20","USD","PRICED"
"22191302083","MAPA_PRODUCTO","SI","","","","","","NO_DOCUMENTADO","142800","COP","PRICED","45","USD","PRICED","22","USD","PRICED"
"22191302084","MAPA_PRODUCTO","SI","","","","","","NO_DOCUMENTADO","153300","COP","PRICED","51","USD","PRICED","23","USD","PRICED"
"22191302085","MAPA_PRODUCTO","SI","","","","","","NO_DOCUMENTADO","165900","COP","PRICED","54","USD","PRICED","25","USD","PRICED"
"22191302086","MAPA_PRODUCTO","SI","","","","","","NO_DOCUMENTADO","203700","COP","PRICED","68","USD","PRICED","31","USD","PRICED"
"22191302088","MAPA_PRODUCTO","SI","","","","","","NO_DOCUMENTADO","227850","COP","PRICED","73","USD","PRICED","34","USD","PRICED"
"22191400038","PT_CRITTERIUM_8","NO","MARCO PANEL","RECTO","MARCO PANEL PISO TECHO 318X60X8CM BOCC MULTIPLE MMA010000","","LAMINA","NO_DOCUMENTADO","","COP","CODE_WITHOUT_PRICE","","USD","CODE_WITHOUT_PRICE","","USD","CODE_WITHOUT_PRICE"
"22191400039","PT_CRITTERIUM_8","NO","MARCO PANEL","RECTO","MARCO PANEL PISO TECHO 318X75X8CM BOCC MULTIPLE MMA010000","","LAMINA","NO_DOCUMENTADO","","COP","CODE_WITHOUT_PRICE","","USD","CODE_WITHOUT_PRICE","","USD","CODE_WITHOUT_PRICE"
"22191400040","PT_CRITTERIUM_8","NO","MARCO PANEL","RECTO","MARCO PANEL PISO TECHO 318X90X8CM BOCC MULTIPLE MMA010000","","LAMINA","NO_DOCUMENTADO","","COP","CODE_WITHOUT_PRICE","","USD","CODE_WITHOUT_PRICE","","USD","CODE_WITHOUT_PRICE"
"22191400041","PT_CRITTERIUM_8","NO","MARCO PANEL","RECTO","MARCO PANEL PISO TECHO 318X120X8CM BOCC MULTIPLE MMA010000","","LAMINA","NO_DOCUMENTADO","","COP","CODE_WITHOUT_PRICE","","USD","CODE_WITHOUT_PRICE","","USD","CODE_WITHOUT_PRICE"
"22191402428","MAPA_PRODUCTO","SI","","","","","","NO_DOCUMENTADO","203700","COP","PRICED","65","USD","PRICED","31","USD","PRICED"
"22191402430","MAPA_PRODUCTO","SI","","","","","","NO_DOCUMENTADO","326550","COP","PRICED","107","USD","PRICED","49","USD","PRICED"
"22191402431","MAPA_PRODUCTO","SI","","","","","","NO_DOCUMENTADO","375900","COP","PRICED","121","USD","PRICED","57","USD","PRICED"
"22191402432","MAPA_PRODUCTO","SI","","","","","","NO_DOCUMENTADO","444150","COP","PRICED","144","USD","PRICED","67","USD","PRICED"
"22191402434","MAPA_PRODUCTO","SI","","","","","","NO_DOCUMENTADO","511350","COP","PRICED","167","USD","PRICED","78","USD","PRICED"
"22191701979","MAPA_PRODUCTO","SI","","","","","","NO_DOCUMENTADO","302400","COP","PRICED","99","USD","PRICED","46","USD","PRICED"
"22191701980","MAPA_PRODUCTO","SI","","","","","","NO_DOCUMENTADO","439950","COP","PRICED","144","USD","PRICED","67","USD","PRICED"
"22191701981","MAPA_PRODUCTO","SI","","","","","","NO_DOCUMENTADO","528150","COP","PRICED","172","USD","PRICED","80","USD","PRICED"
"22191701982","MAPA_PRODUCTO","SI","","","","","","NO_DOCUMENTADO","670950","COP","PRICED","218","USD","PRICED","102","USD","PRICED"
"22191701983","MAPA_PRODUCTO","SI","","","","","","NO_DOCUMENTADO","726600","COP","PRICED","237","USD","PRICED","111","USD","PRICED"
"22191702966","PT_CRITTERIUM_8","NO","MARCO PANEL","RECTO","MARCO PANEL MEDIA ALTURA RECEPCION SUPERFICIE COMPARTIDA 90X90CM LINK CRITTERIUM 8 CRMA150000","","LAMINA","NO_DOCUMENTADO","396900","COP","PRICED","127","USD","PRICED","60","USD","PRICED"
"22191702968","PT_CRITTERIUM_8","NO","MARCO PANEL","RECTO","MARCO PANEL MEDIA ALTURA RECEPCION SUPERFICIE COMPARTIDA 120X90CM LINK CRITTERIUM 8 CRMA150000","","LAMINA","NO_DOCUMENTADO","429450","COP","PRICED","138","USD","PRICED","64","USD","PRICED"
"22191702969","PT_CRITTERIUM_8","NO","MARCO PANEL","RECTO","MARCO PANEL MEDIA ALTURA RECEPCION SUPERFICIE COMPARTIDA 150X90CM LINK CRITTERIUM 8 CRMA150000","","LAMINA","NO_DOCUMENTADO","469350","COP","PRICED","150","USD","PRICED","70","USD","PRICED"
"22191703008","PT_CRITTERIUM_8","SI","KIT","2 PANELES","KIT DE UNION A 180 GRADOS TIPO B ALTURA 110CM LINK CRITTERIUM CRAC070050","","INDEFINIDO","NO_DOCUMENTADO","405300","COP","PRICED","130","USD","PRICED","61","USD","PRICED"
"22191703009","PT_CRITTERIUM_8","SI","KIT","3 PANELES","KIT DE UNION EN T ALTURA 110 CRAC070060","","INDEFINIDO","NO_DOCUMENTADO","418950","COP","PRICED","133","USD","PRICED","62","USD","PRICED"
"22191703011","PT_CRITTERIUM_8","NO","KIT","3 PANELES","KIT DE UNION EN Y ALTURA 110 CRAC070040","","INDEFINIDO","NO_DOCUMENTADO","416850","COP","PRICED","133","USD","PRICED","62","USD","PRICED"
"22191703012","PT_CRITTERIUM_8","NO","KIT","2 PANELES","KIT UNION A 45 GRADOS DE 110 LINK CRITTERIUM CRAC070020","","PLASTICO + LAMINA","NO_DOCUMENTADO","305550","COP","PRICED","99","USD","PRICED","46","USD","PRICED"
"22191703014","PT_CRITTERIUM_8","SI","KIT","1 PANEL","KIT TERMINAL ALTURA 110CM LINK CRITTERIUM CRAC070010","","INDEFINIDO","NO_DOCUMENTADO","172200","COP","PRICED","54","USD","PRICED","25","USD","PRICED"
"22191703202","PT_CRITTERIUM_8","NO","KIT","3 PANELES","KIT CAMBIO DE ALTURA (A=B HASTA 128 Y &gt;C=90 EN =T(B) LINK CRITTERIUM CRAC080090","","INDEFINIDO","NO_DOCUMENTADO","533400","COP","PRICED","172","USD","PRICED","81","USD","PRICED"
"22191703203","PT_CRITTERIUM_8","NO","KIT","3 PANELES","KIT CAMBIO DE ALTURA (A=B HASTA 204 Y MAYORC=90 EN =T(B) LINK CRITTERIUM CRAC080090","","INDEFINIDO","NO_DOCUMENTADO","725550","COP","PRICED","234","USD","PRICED","110","USD","PRICED"
"22191703204","PT_CRITTERIUM_8","NO","KIT","3 PANELES","KIT CAMBIO DE ALTURA (A=B HASTA 242 Y MAYORC=90 EN =T(B) LINK CRITTERIUM CRAC080090","","INDEFINIDO","NO_DOCUMENTADO","722400","COP","PRICED","234","USD","PRICED","109","USD","PRICED"
"22191703207","PT_CRITTERIUM_8","NO","KIT","3 PANELES","KIT CAMBIO DE ALTURA (A=B HASTA 166 Y &gt;C=128 EN =T(B) LINK CRITTERIUM CRAC080090","","INDEFINIDO","NO_DOCUMENTADO","647850","COP","PRICED","209","USD","PRICED","98","USD","PRICED"
"22191703208","PT_CRITTERIUM_8","NO","KIT","3 PANELES","KIT CAMBIO DE ALTURA (A=B HASTA 204 Y &gt;C=128 EN =T(B) LINK CRITTERIUM CRAC080090","","INDEFINIDO","NO_DOCUMENTADO","749700","COP","PRICED","243","USD","PRICED","113","USD","PRICED"
"22191703209","PT_CRITTERIUM_8","NO","KIT","3 PANELES","KIT CAMBIO DE ALTURA (A=B HASTA 242 Y &gt;C=128 EN =T(B) LINK CRITTERIUM CRAC080090","","INDEFINIDO","NO_DOCUMENTADO","743400","COP","PRICED","240","USD","PRICED","113","USD","PRICED"
"22191703213","PT_CRITTERIUM_8","NO","KIT","3 PANELES","KIT CAMBIO DE ALTURA (A=B HASTA 204 Y &gt;C=166 EN =T(B) LINK CRITTERIUM CRAC080090","","INDEFINIDO","NO_DOCUMENTADO","781200","COP","PRICED","254","USD","PRICED","118","USD","PRICED"
"22191703214","PT_CRITTERIUM_8","NO","KIT","3 PANELES","KIT CAMBIO DE ALTURA (A=B HASTA 242 Y &gt;C=166 EN =T(B) LINK CRITTERIUM CRAC080090","","INDEFINIDO","NO_DOCUMENTADO","778050","COP","PRICED","251","USD","PRICED","118","USD","PRICED"
"22191703333","PT_CRITTERIUM_8","NO","KIT","4 PANELES","KIT CAMBIO DE ALTURA (A=B=C) HASTA 204 Y &gt;D=90 EN CRUZ ( C ) LINK CRITTERIUM CRAC080100","","INDEFINIDO","NO_DOCUMENTADO","865200","COP","PRICED","280","USD","PRICED","131","USD","PRICED"
"22191703337","PT_CRITTERIUM_8","NO","KIT","4 PANELES","KIT CAMBIO DE ALTURA (A=B=C) HASTA 166 Y &gt;D=128 EN CRUZ ( C ) LINK CRITTERIUM CRAC080100","","INDEFINIDO","NO_DOCUMENTADO","725550","COP","PRICED","234","USD","PRICED","109","USD","PRICED"
"22191703338","PT_CRITTERIUM_8","NO","KIT","4 PANELES","KIT CAMBIO DE ALTURA (A=B=C) HASTA 204 Y &gt;D=128 EN CRUZ ( C ) LINK CRITTERIUM CRAC080100","","INDEFINIDO","NO_DOCUMENTADO","889350","COP","PRICED","288","USD","PRICED","134","USD","PRICED"
"22191703339","PT_CRITTERIUM_8","NO","KIT","4 PANELES","KIT CAMBIO DE ALTURA (A=B=C) HASTA 242 Y &gt;D=128 EN CRUZ ( C ) CRITTERIUM","","INDEFINIDO","NO_DOCUMENTADO","929250","COP","PRICED","299","USD","PRICED","140","USD","PRICED"
"22191703389","PT_CRITTERIUM_8","NO","KIT","4 PANELES","KIT CAMBIO DE ALTURA (A=B=C) &gt;D=166 EN CRUZ ( C ) LINK CRITTERIUM CRAC080100","","INDEFINIDO","NO_DOCUMENTADO","940800","COP","PRICED","305","USD","PRICED","142","USD","PRICED"
"22191703454","PT_CRITTERIUM_8","NO","KIT","3 PANELES","KIT CAMBIO DE ALTURA (A HASTA 128 Y &gt;BC=120 GRADOS DE 90 CRITTERIUM","","INDEFINIDO","NO_DOCUMENTADO","462000","COP","PRICED","147","USD","PRICED","69","USD","PRICED"
"22191703458","PT_CRITTERIUM_8","NO","KIT","3 PANELES","KIT CAMBIO DE ALTURA (A=B HASTA 242 Y &gt;C=204 EN =T(B) LINK CRITTERIUM CRAC080090","","INDEFINIDO","NO_DOCUMENTADO","959700","COP","PRICED","308","USD","PRICED","144","USD","PRICED"
"22191703465","PT_CRITTERIUM_8","NO","KIT","3 PANELES","KIT CAMBIO DE ALTURA (A HASTA 166 Y &gt;BC=120 GRADOS DE 128 CRITTERIUM","","INDEFINIDO","NO_DOCUMENTADO","535500","COP","PRICED","170","USD","PRICED","80","USD","PRICED"
"22191703466","PT_CRITTERIUM_8","NO","KIT","3 PANELES","KIT CAMBIO DE ALTURA (A HASTA 204 Y &gt;BC=120 GRADOS DE 128 CRITTERIUM","","INDEFINIDO","NO_DOCUMENTADO","565950","COP","PRICED","181","USD","PRICED","84","USD","PRICED"
"22191703470","PT_CRITTERIUM_8","NO","KIT","3 PANELES","KIT CAMBIO DE ALTURA (A HASTA 204 Y &gt; BC=120 GRADOS DE 166 CRITTERIUM","","INDEFINIDO","NO_DOCUMENTADO","647850","COP","PRICED","206","USD","PRICED","96","USD","PRICED"
"22191703479","PT_CRITTERIUM_8","NO","KIT","2 PANELES","KIT CAMBIO DE ALTURA (A HASTA 128 Y&gt; B=90 180 GRADOS LINK CRITTERIUM CRAC080010","","INDEFINIDO","NO_DOCUMENTADO","169050","COP","PRICED","57","USD","PRICED","26","USD","PRICED"
"22191703480","PT_CRITTERIUM_8","NO","KIT","2 PANELES","KIT CAMBIO DE ALTURA (A HASTA 204 Y&gt; B=90 180 GRADOS LINK CRITTERIUM CRAC080010","","INDEFINIDO","NO_DOCUMENTADO","225750","COP","PRICED","73","USD","PRICED","35","USD","PRICED"
"22191703481","PT_CRITTERIUM_8","NO","KIT","2 PANELES","KIT CAMBIO DE ALTURA (A HASTA 242 Y&gt; B=90 180 GRADOS CRITTERIUM CRAC080010","","INDEFINIDO","NO_DOCUMENTADO","253050","COP","PRICED","82","USD","PRICED","38","USD","PRICED"
"22191703484","PT_CRITTERIUM_8","NO","KIT","2 PANELES","KIT CAMBIO DE ALTURA A HASTA 166 Y MAYOR B=128 180 GRADOS LINK CRITTERIUM CRAC080010","","INDEFINIDO","NO_DOCUMENTADO","169050","COP","PRICED","57","USD","PRICED","26","USD","PRICED"
"22191703485","PT_CRITTERIUM_8","NO","KIT","2 PANELES","KIT CAMBIO DE ALTURA (A HASTA 204 Y&gt; B=128 180 GRADOS LINK CRITTERIUM CRAC080010","","INDEFINIDO","NO_DOCUMENTADO","201600","COP","PRICED","65","USD","PRICED","31","USD","PRICED"
"22191703486","PT_CRITTERIUM_8","NO","KIT","2 PANELES","KIT CAMBIO DE ALTURA (A HASTA 242 Y&gt; B=128 180 GRADOS LINK CRITTERIUM CRAC080010","","INDEFINIDO","NO_DOCUMENTADO","234150","COP","PRICED","76","USD","PRICED","36","USD","PRICED"
"22191703489","PT_CRITTERIUM_8","NO","KIT","2 PANELES","KIT CAMBIO DE ALTURA (A HASTA 204 Y&gt; B=166 180 GRADOS LINK CRITTERIUM CRAC080010","","INDEFINIDO","NO_DOCUMENTADO","171150","COP","PRICED","57","USD","PRICED","26","USD","PRICED"
"22191703495","PT_CRITTERIUM_8","NO","KIT","4 PANELES","KIT CAMBIO DE ALTURA (A=B=C) HASTA 128 Y &gt;D=90 EN CRUZ ( C ) LINK CRITTERIUM CRAC080100","","INDEFINIDO","NO_DOCUMENTADO","604800","COP","PRICED","195","USD","PRICED","91","USD","PRICED"
"22191703496","PT_CRITTERIUM_8","NO","KIT","4 PANELES","KIT CAMBIO DE ALTURA (A=B=C) HASTA 242 Y &gt;D=90 EN CRUZ ( C ) CRITTERIUM","","INDEFINIDO","NO_DOCUMENTADO","908250","COP","PRICED","294","USD","PRICED","137","USD","PRICED"
"22191703499","PT_CRITTERIUM_8","NO","KIT","4 PANELES","KIT CAMBIO DE ALTURA (A=B=C) HASTA 242 Y &gt;D=166 EN CRUZ ( C ) CRITTERIUM","","INDEFINIDO","NO_DOCUMENTADO","969150","COP","PRICED","314","USD","PRICED","146","USD","PRICED"
"22191703501","PT_CRITTERIUM_8","NO","KIT","4 PANELES","KIT CAMBIO DE ALTURA (A=B=C) HASTA 242 Y &gt;D=204 EN CRUZ ( C ) CRITTERIUM","","INDEFINIDO","NO_DOCUMENTADO","1015350","COP","PRICED","328","USD","PRICED","153","USD","PRICED"
"22191703543","PT_CRITTERIUM_8","NO","KIT","2 PANELES","KIT CAMBIO DE ALTURA (A HASTA 128 Y&gt; B=90 180 GRADOS TIPO B CRITTERIUM CRAC080060","","INDEFINIDO","NO_DOCUMENTADO","422100","COP","PRICED","136","USD","PRICED","63","USD","PRICED"
"22191703544","PT_CRITTERIUM_8","NO","KIT","2 PANELES","KIT CAMBIO DE ALTURA (A HASTA 204 Y&gt; B=90 180 GRADOS TIPO B CRITTERIUM CRAC080060","","INDEFINIDO","NO_DOCUMENTADO","475650","COP","PRICED","153","USD","PRICED","71","USD","PRICED"
"22191703545","PT_CRITTERIUM_8","NO","KIT","2 PANELES","KIT CAMBIO DE ALTURA (A HASTA 242 Y&gt; B=90 180 GRADOS TIPO B CRITTERIUM CRAC080060","","INDEFINIDO","NO_DOCUMENTADO","493500","COP","PRICED","158","USD","PRICED","73","USD","PRICED"
"22191703548","PT_CRITTERIUM_8","NO","KIT","2 PANELES","KIT CAMBIO DE ALTURA (A HASTA 166 Y&gt; B=128 180 GRADOS TIPO B LINK CRITTERIUM CRAC080060","","INDEFINIDO","NO_DOCUMENTADO","483000","COP","PRICED","155","USD","PRICED","72","USD","PRICED"
"22191703549","PT_CRITTERIUM_8","NO","KIT","2 PANELES","KIT CAMBIO DE ALTURA (A HASTA 204 Y&gt; B=128 180 GRADOS TIPO B CRITTERIUM CRAC080060","","INDEFINIDO","NO_DOCUMENTADO","512400","COP","PRICED","164","USD","PRICED","76","USD","PRICED"
"22191703550","PT_CRITTERIUM_8","NO","KIT","2 PANELES","KIT CAMBIO DE ALTURA (A HASTA 242 Y&gt; B=128 180 GRADOS TIPO B CRITTERIUM CRAC080060","","INDEFINIDO","NO_DOCUMENTADO","564900","COP","PRICED","181","USD","PRICED","84","USD","PRICED"
"22191703553","PT_CRITTERIUM_8","NO","KIT","2 PANELES","KIT CAMBIO DE ALTURA (A HASTA 204 Y&gt; B=166 180 GRADOS TIPO B CRITTERIUM CRAC080060","","INDEFINIDO","NO_DOCUMENTADO","611100","COP","PRICED","195","USD","PRICED","91","USD","PRICED"
"22191703554","PT_CRITTERIUM_8","NO","KIT","2 PANELES","KIT CAMBIO DE ALTURA (A HASTA 242 Y&gt; B=166 180 GRADOS TIPO B LINK CRITTERIUM CRAC080060","","INDEFINIDO","NO_DOCUMENTADO","652050","COP","PRICED","209","USD","PRICED","97","USD","PRICED"
"22191703557","PT_CRITTERIUM_8","NO","KIT","2 PANELES","KIT CAMBIO DE ALTURA (A HASTA 242 Y&gt; B=204 180 GRADOS TIPO B CRITTERIUM CRAC080060","","INDEFINIDO","NO_DOCUMENTADO","694050","COP","PRICED","223","USD","PRICED","104","USD","PRICED"
"22191703562","PT_CRITTERIUM_8","NO","KIT","2 PANELES","KIT CAMBIO DE ALTURA (A HASTA 242 Y&gt; B=166 180 GRADOS LINK CRITTERIUM CRAC080010","","INDEFINIDO","NO_DOCUMENTADO","256200","COP","PRICED","85","USD","PRICED","39","USD","PRICED"
"22191703565","PT_CRITTERIUM_8","NO","KIT","2 PANELES","KIT CAMBIO DE ALTURA (A HASTA 242 Y&gt; B=204 180 GRADOS CRITTERIUM CRAC080010","","INDEFINIDO","NO_DOCUMENTADO","241500","COP","PRICED","79","USD","PRICED","37","USD","PRICED"
"22191703589","PT_CRITTERIUM_8","NO","KIT","2 PANELES","KIT CAMBIO DE ALTURA (A HASTA 128 Y &gt; B=90 90 GRADOS LINK CRITTERIUM CRAC080080","","INDEFINIDO","NO_DOCUMENTADO","401100","COP","PRICED","127","USD","PRICED","60","USD","PRICED"
"22191703590","PT_CRITTERIUM_8","NO","KIT","2 PANELES","KIT CAMBIO DE ALTURA (A HASTA 204 Y &gt; B=90 90 GRADOS LINK CRITTERIUM CRAC080080","","INDEFINIDO","NO_DOCUMENTADO","455700","COP","PRICED","147","USD","PRICED","68","USD","PRICED"
"22191703591","PT_CRITTERIUM_8","NO","KIT","2 PANELES","KIT CAMBIO DE ALTURA (A HASTA 242 Y &gt; B=90 90 GRADOS LINK CRITTERIUM CRAC080080","","INDEFINIDO","NO_DOCUMENTADO","472500","COP","PRICED","150","USD","PRICED","70","USD","PRICED"
"22191703594","PT_CRITTERIUM_8","NO","KIT","2 PANELES","KIT CAMBIO DE ALTURA (A HASTA 166 Y &gt; B=128 90 GRADOS LINK CRITTERIUM CRAC080080","","INDEFINIDO","NO_DOCUMENTADO","476700","COP","PRICED","153","USD","PRICED","71","USD","PRICED"
"22191703595","PT_CRITTERIUM_8","NO","KIT","2 PANELES","KIT CAMBIO DE ALTURA (A HASTA 204 Y &gt; B=128 90 GRADOS LINK CRITTERIUM CRAC080080","","INDEFINIDO","NO_DOCUMENTADO","508200","COP","PRICED","161","USD","PRICED","76","USD","PRICED"
"22191703596","PT_CRITTERIUM_8","NO","KIT","2 PANELES","KIT CAMBIO DE ALTURA (A HASTA 242 Y &gt; B=128 90 GRADOS LINK CRITTERIUM CRAC080080","","INDEFINIDO","NO_DOCUMENTADO","560700","COP","PRICED","178","USD","PRICED","83","USD","PRICED"
"22191703599","PT_CRITTERIUM_8","NO","KIT","2 PANELES","KIT CAMBIO DE ALTURA (A HASTA 204 Y &gt; B=166 90 GRADOS LINK CRITTERIUM CRAC080080","","INDEFINIDO","NO_DOCUMENTADO","635250","COP","PRICED","203","USD","PRICED","95","USD","PRICED"
"22191703600","PT_CRITTERIUM_8","NO","KIT","2 PANELES","KIT CAMBIO DE ALTURA (A HASTA 242 Y &gt; B=166 90 GRADOS LINK CRITTERIUM CRAC080080","","INDEFINIDO","NO_DOCUMENTADO","676200","COP","PRICED","215","USD","PRICED","101","USD","PRICED"
"22191703603","PT_CRITTERIUM_8","NO","KIT","2 PANELES","KIT CAMBIO DE ALTURA (A HASTA 242 Y &gt; B=204 90 GRADOS LINK CRITTERIUM CRAC080080","","INDEFINIDO","NO_DOCUMENTADO","709800","COP","PRICED","226","USD","PRICED","106","USD","PRICED"
"22191703629","PT_CRITTERIUM_8","NO","KIT","2 PANELES","KIT CAMBIO DE ALTURA (A HASTA 128 Y&gt;B=90 45 GRADOS LINK CRITTERIUM CRAC080020","","INDEFINIDO","NO_DOCUMENTADO","358050","COP","PRICED","116","USD","PRICED","53","USD","PRICED"
"22191703630","PT_CRITTERIUM_8","NO","KIT","2 PANELES","KIT CAMBIO DE ALTURA (A HASTA 204 Y&gt;B=90 45 GRADOS LINK CRITTERIUM CRAC080020","","INDEFINIDO","NO_DOCUMENTADO","411600","COP","PRICED","133","USD","PRICED","61","USD","PRICED"
"22191703631","PT_CRITTERIUM_8","NO","KIT","2 PANELES","KIT CAMBIO DE ALTURA (A HASTA 242 Y&gt;B=90 45 GRADOS CRITTERIUM CRAC080020","","INDEFINIDO","NO_DOCUMENTADO","437850","COP","PRICED","138","USD","PRICED","65","USD","PRICED"
"22191703634","PT_CRITTERIUM_8","NO","KIT","2 PANELES","KIT CAMBIO DE ALTURA (A HASTA 166 Y&gt;B=128 45 GRADOS CRITTERIUM CRAC080020","","INDEFINIDO","NO_DOCUMENTADO","411600","COP","PRICED","133","USD","PRICED","61","USD","PRICED"
"22191703635","PT_CRITTERIUM_8","NO","KIT","2 PANELES","KIT CAMBIO DE ALTURA (A HASTA 204 Y&gt;B=128 45 GRADOS LINK CRITTERIUM CRAC080020","","INDEFINIDO","NO_DOCUMENTADO","442050","COP","PRICED","141","USD","PRICED","66","USD","PRICED"
"22191703636","PT_CRITTERIUM_8","NO","KIT","2 PANELES","KIT CAMBIO DE ALTURA (A HASTA 242 Y&gt;B=128 45 GRADOS CRITTERIUM CRAC080020","","INDEFINIDO","NO_DOCUMENTADO","495600","COP","PRICED","158","USD","PRICED","74","USD","PRICED"
"22191703639","PT_CRITTERIUM_8","NO","KIT","2 PANELES","KIT CAMBIO DE ALTURA (A HASTA 204 Y&gt;B=166 45 GRADOS CRITTERIUM CRAC080020","","INDEFINIDO","NO_DOCUMENTADO","511350","COP","PRICED","164","USD","PRICED","76","USD","PRICED"
"22191703640","PT_CRITTERIUM_8","NO","KIT","2 PANELES","KIT CAMBIO DE ALTURA (A HASTA 242 Y&gt;B=166 45 GRADOS LINK CRITTERIUM CRAC080020","","INDEFINIDO","NO_DOCUMENTADO","553350","COP","PRICED","175","USD","PRICED","82","USD","PRICED"
"22191703643","PT_CRITTERIUM_8","NO","KIT","2 PANELES","KIT CAMBIO DE ALTURA (A HASTA 242 Y&gt;B=204 45 GRADOS CRITTERIUM CRAC080020","","INDEFINIDO","NO_DOCUMENTADO","616350","COP","PRICED","198","USD","PRICED","92","USD","PRICED"
"22191703667","PT_CRITTERIUM_8","NO","KIT","3 PANELES","KIT CAMBIO DE ALTURA EN T (A)=128 &gt; (B=C)=90, 180 GRADOS TIPO B / LINK CRITTERIUM 8 CRAC080120","","INDEFINIDO","NO_DOCUMENTADO","458850","COP","PRICED","147","USD","PRICED","68","USD","PRICED"
"22191703668","PT_CRITTERIUM_8","NO","KIT","3 PANELES","KIT CAMBIO DE ALTURA EN T (A)=204 &gt; (B=C)=90, 180 GRADOS TIPO B / LINK CRITTERIUM 8 CRAC080120","","INDEFINIDO","NO_DOCUMENTADO","513450","COP","PRICED","164","USD","PRICED","77","USD","PRICED"
"22191703672","PT_CRITTERIUM_8","NO","KIT","3 PANELES","KIT CAMBIO DE ALTURA EN T (A)=166 &gt; (B=C)=128, 180 GRADOS TIPO B / LINK CRITTERIUM 8 CRAC080120","","INDEFINIDO","NO_DOCUMENTADO","537600","COP","PRICED","172","USD","PRICED","80","USD","PRICED"
"22191703673","PT_CRITTERIUM_8","NO","KIT","3 PANELES","KIT CAMBIO DE ALTURA EN T (A)=204 &gt; (B=C)=128, 180 GRADOS TIPO B / CRITTERIUM 8 CRAC080120","","INDEFINIDO","NO_DOCUMENTADO","570150","COP","PRICED","181","USD","PRICED","85","USD","PRICED"
"22191703678","PT_CRITTERIUM_8","NO","KIT","3 PANELES","KIT CAMBIO DE ALTURA EN T (A)=204 &gt; (B=C)=166, 180 GRADOS TIPO B / CRITTERIUM 8 CRAC080120","","INDEFINIDO","NO_DOCUMENTADO","676200","COP","PRICED","215","USD","PRICED","101","USD","PRICED"
"22191900000","PT_CRITTERIUM_8","SI","MARCO PANEL","RECTO","MARCO PANEL MEDIA ALTURA 90X30X8CM LINK CRITTERIUM CRMA010001","","LAMINA","NO_DOCUMENTADO","372750","COP","PRICED","116","USD","PRICED","54","USD","PRICED"
"22191900001","PT_CRITTERIUM_8","SI","MARCO PANEL","RECTO","MARCO PANEL MEDIA ALTURA 90X45X8CM LINK CRITTERIUM CRMA010001","","LAMINA","NO_DOCUMENTADO","387450","COP","PRICED","121","USD","PRICED","56","USD","PRICED"
"22191900002","PT_CRITTERIUM_8","SI","MARCO PANEL","RECTO","MARCO PANEL MEDIA ALTURA 90X60X8CM LINK CRITTERIUM CRMA010001","","LAMINA","NO_DOCUMENTADO","406350","COP","PRICED","127","USD","PRICED","59","USD","PRICED"
"22191900003","PT_CRITTERIUM_8","SI","MARCO PANEL","RECTO","MARCO PANEL MEDIA ALTURA 90X75X8CM LINK CRITTERIUM CRMA010001","","LAMINA","NO_DOCUMENTADO","451500","COP","PRICED","138","USD","PRICED","64","USD","PRICED"
"22191900004","PT_CRITTERIUM_8","SI","MARCO PANEL","RECTO","MARCO PANEL MEDIA ALTURA 90X90X8CM LINK CRITTERIUM CRMA010001","","LAMINA","NO_DOCUMENTADO","480900","COP","PRICED","144","USD","PRICED","68","USD","PRICED"
"22191900006","PT_CRITTERIUM_8","SI","MARCO PANEL","RECTO","MARCO PANEL MEDIA ALTURA 90X120X8CM LINK CRITTERIUM CRMA010001","","LAMINA","NO_DOCUMENTADO","517650","COP","PRICED","153","USD","PRICED","72","USD","PRICED"
"22191900007","PT_CRITTERIUM_8","SI","MARCO PANEL","RECTO","MARCO PANEL MEDIA ALTURA 128X30X8CM LINK CRITTERIUM CRMA010001","","LAMINA","NO_DOCUMENTADO","395850","COP","PRICED","124","USD","PRICED","57","USD","PRICED"
"22191900008","PT_CRITTERIUM_8","SI","MARCO PANEL","RECTO","MARCO PANEL MEDIA ALTURA 128X45X8CM LINK CRITTERIUM CRMA010001","","LAMINA","NO_DOCUMENTADO","424200","COP","PRICED","130","USD","PRICED","60","USD","PRICED"
"22191900009","PT_CRITTERIUM_8","SI","MARCO PANEL","RECTO","MARCO PANEL MEDIA ALTURA 128X60X8CM LINK CRITTERIUM CRMA010001","","LAMINA","NO_DOCUMENTADO","448350","COP","PRICED","136","USD","PRICED","63","USD","PRICED"
"22191900010","PT_CRITTERIUM_8","SI","MARCO PANEL","RECTO","MARCO PANEL MEDIA ALTURA 128X75X8CM LINK CRITTERIUM CRMA010001","","LAMINA","NO_DOCUMENTADO","493500","COP","PRICED","147","USD","PRICED","69","USD","PRICED"
"22191900011","PT_CRITTERIUM_8","SI","MARCO PANEL","RECTO","MARCO PANEL MEDIA ALTURA 128X90X8CM LINK CRITTERIUM CRMA010001","","LAMINA","NO_DOCUMENTADO","525000","COP","PRICED","155","USD","PRICED","73","USD","PRICED"
"22191900013","PT_CRITTERIUM_8","SI","MARCO PANEL","RECTO","MARCO PANEL MEDIA ALTURA 128X120X8CM LINK CRITTERIUM CRMA010001","","LAMINA","NO_DOCUMENTADO","562800","COP","PRICED","164","USD","PRICED","77","USD","PRICED"
"22191900014","PT_CRITTERIUM_8","SI","MARCO PANEL","RECTO","MARCO PANEL MEDIA ALTURA 166X30X8 LINK CRITTERIUM CRMA010001","","LAMINA","NO_DOCUMENTADO","462000","COP","PRICED","144","USD","PRICED","67","USD","PRICED"
"22191900015","PT_CRITTERIUM_8","SI","MARCO PANEL","RECTO","MARCO PANEL MEDIA ALTURA 166X45X8 LINK CRITTERIUM CRMA010001","","LAMINA","NO_DOCUMENTADO","493500","COP","PRICED","150","USD","PRICED","70","USD","PRICED"
"22191900016","PT_CRITTERIUM_8","SI","MARCO PANEL","RECTO","MARCO PANEL MEDIA ALTURA 166X60X8CM LINK CRITTERIUM CRMA010001","","LAMINA","NO_DOCUMENTADO","518700","COP","PRICED","155","USD","PRICED","73","USD","PRICED"
"22191900017","PT_CRITTERIUM_8","SI","MARCO PANEL","RECTO","MARCO PANEL MEDIA ALTURA 166X75X8CM LINK CRITTERIUM CRMA010001","","LAMINA","NO_DOCUMENTADO","568050","COP","PRICED","167","USD","PRICED","78","USD","PRICED"
"22191900018","PT_CRITTERIUM_8","SI","MARCO PANEL","RECTO","MARCO PANEL MEDIA ALTURA 166X90X8CM LINK CRITTERIUM CRMA010001","","LAMINA","NO_DOCUMENTADO","601650","COP","PRICED","178","USD","PRICED","83","USD","PRICED"
"22191900020","PT_CRITTERIUM_8","SI","MARCO PANEL","RECTO","MARCO PANEL MEDIA ALTURA 166X120X8CM LINK CRITTERIUM CRMA010001","","LAMINA","NO_DOCUMENTADO","640500","COP","PRICED","186","USD","PRICED","87","USD","PRICED"
"22191900021","PT_CRITTERIUM_8","SI","MARCO PANEL","RECTO","MARCO PANEL MEDIA ALTURA 204X30X8CM LINK CRITTERIUM CRMA010001","","LAMINA","NO_DOCUMENTADO","533400","COP","PRICED","167","USD","PRICED","77","USD","PRICED"
"22191900022","PT_CRITTERIUM_8","SI","MARCO PANEL","RECTO","MARCO PANEL MEDIA ALTURA 204X45X8CM LINK CRITTERIUM CRMA010001","","LAMINA","NO_DOCUMENTADO","565950","COP","PRICED","172","USD","PRICED","80","USD","PRICED"
"22191900023","PT_CRITTERIUM_8","SI","MARCO PANEL","RECTO","MARCO PANEL MEDIA ALTURA 204X60X8CM LINK CRITTERIUM CRMA010001","","LAMINA","NO_DOCUMENTADO","593250","COP","PRICED","178","USD","PRICED","83","USD","PRICED"
"22191900024","PT_CRITTERIUM_8","SI","MARCO PANEL","RECTO","MARCO PANEL MEDIA ALTURA 204X75X8CM LINK CRITTERIUM CRMA010001","","LAMINA","NO_DOCUMENTADO","641550","COP","PRICED","192","USD","PRICED","89","USD","PRICED"
"22191900025","PT_CRITTERIUM_8","SI","MARCO PANEL","RECTO","MARCO PANEL MEDIA ALTURA 204X90X8CM LINK CRITTERIUM CRMA010001","","LAMINA","NO_DOCUMENTADO","683550","COP","PRICED","201","USD","PRICED","93","USD","PRICED"
"22191900027","PT_CRITTERIUM_8","SI","MARCO PANEL","RECTO","MARCO PANEL MEDIA ALTURA 204X120X8CM LINK CRITTERIUM CRMA010001","","LAMINA","NO_DOCUMENTADO","724500","COP","PRICED","209","USD","PRICED","98","USD","PRICED"
"22191900077","PT_CRITTERIUM_8","SI","KIT","2 PANELES","KIT UNION A 180 GRADOS TIPO B DE 90CM LINK CRITTERIUM CRAC070050","","INDEFINIDO","NO_DOCUMENTADO","340200","COP","PRICED","110","USD","PRICED","51","USD","PRICED"
"22191900078","PT_CRITTERIUM_8","SI","KIT","2 PANELES","KIT UNION A 180 GRADOS TIPO B DE 128CM LINK CRITTERIUM 8 CRAC070050","","INDEFINIDO","NO_DOCUMENTADO","403200","COP","PRICED","130","USD","PRICED","60","USD","PRICED"
"22191900079","PT_CRITTERIUM_8","SI","KIT","2 PANELES","KIT UNION A 180 GRADOS TIPO B DE 166 LINK CRITTERIUM CRAC070050","","INDEFINIDO","NO_DOCUMENTADO","534450","COP","PRICED","172","USD","PRICED","80","USD","PRICED"
"22191900080","PT_CRITTERIUM_8","SI","KIT","2 PANELES","KIT UNION A 180 GRADOS TIPO B DE 204CM LINK CRITTERIUM CRAC070050","","INDEFINIDO","NO_DOCUMENTADO","594300","COP","PRICED","192","USD","PRICED","89","USD","PRICED"
"22191900081","PT_CRITTERIUM_8","SI","KIT","2 PANELES","KIT UNION A 180 GRADOS TIPO B DE 242CM LINK CRITTERIUM CRAC070110","","INDEFINIDO","NO_DOCUMENTADO","613200","COP","PRICED","198","USD","PRICED","92","USD","PRICED"
"22191900082","PT_CRITTERIUM_8","SI","KIT","2 PANELES","KIT UNION A 180 GRADOS TIPO B DE 280CM LINK CRITTERIUM CRAC070110","","INDEFINIDO","NO_DOCUMENTADO","693000","COP","PRICED","223","USD","PRICED","104","USD","PRICED"
"22191900083","PT_CRITTERIUM_8","SI","KIT","2 PANELES","KIT UNION A 180 GRADOS TIPO B DE 318CM LINK CRITTERIUM CRAC070110","","INDEFINIDO","NO_DOCUMENTADO","702450","COP","PRICED","226","USD","PRICED","106","USD","PRICED"
"22191900084","PT_CRITTERIUM_8","SI","KIT","3 PANELES","KIT UNION EN T DE 90CM LINK CRITTERIUM CRAC070060","","INDEFINIDO","NO_DOCUMENTADO","378000","COP","PRICED","121","USD","PRICED","56","USD","PRICED"
"22191900085","PT_CRITTERIUM_8","SI","KIT","3 PANELES","KIT UNION EN T DE 128CM LINK CRITTERIUM CRAC070060","","INDEFINIDO","NO_DOCUMENTADO","458850","COP","PRICED","147","USD","PRICED","69","USD","PRICED"
"22191900086","PT_CRITTERIUM_8","SI","KIT","3 PANELES","KIT UNION EN T DE 166CM LINK CRITTERIUM CRAC070060","","INDEFINIDO","NO_DOCUMENTADO","599550","COP","PRICED","192","USD","PRICED","89","USD","PRICED"
"22191900087","PT_CRITTERIUM_8","SI","KIT","3 PANELES","KIT UNION EN T DE 204CM LINK CRITTERIUM CRAC070060","","INDEFINIDO","NO_DOCUMENTADO","732900","COP","PRICED","237","USD","PRICED","110","USD","PRICED"
"22191900088","PT_CRITTERIUM_8","SI","KIT","3 PANELES","KIT UNION EN T DE 242CM LINK CRITTERIUM CRAC070120","","INDEFINIDO","NO_DOCUMENTADO","784350","COP","PRICED","251","USD","PRICED","118","USD","PRICED"
"22191900089","PT_CRITTERIUM_8","SI","KIT","3 PANELES","KIT UNION EN T DE 280CM LINK CRITTERIUM CRAC070120","","INDEFINIDO","NO_DOCUMENTADO","887250","COP","PRICED","285","USD","PRICED","133","USD","PRICED"
"22191900090","PT_CRITTERIUM_8","SI","KIT","3 PANELES","KIT UNION EN T DE 318CM LINK CRITTERIUM CRAC070120","","INDEFINIDO","NO_DOCUMENTADO","929250","COP","PRICED","299","USD","PRICED","139","USD","PRICED"
"22191900091","PT_CRITTERIUM_8","SI","KIT","2 PANELES","KIT UNION A 90 GRADOS DE 90CM LINK CRITTERIUM CRAC070030","","PLASTICO + LAMINA","NO_DOCUMENTADO","319200","COP","PRICED","102","USD","PRICED","48","USD","PRICED"
"22191900092","PT_CRITTERIUM_8","SI","KIT","2 PANELES","KIT UNION A 90 GRADOS DE 128CM LINK CRITTERIUM CRAC070030","","PLASTICO + LAMINA","NO_DOCUMENTADO","396900","COP","PRICED","127","USD","PRICED","59","USD","PRICED"
"22191900093","PT_CRITTERIUM_8","SI","KIT","2 PANELES","KIT UNION A 90 GRADOS DE 166 LINK CRITTERIUM CRAC070030","","PLASTICO + LAMINA","NO_DOCUMENTADO","555450","COP","PRICED","178","USD","PRICED","83","USD","PRICED"
"22191900094","PT_CRITTERIUM_8","SI","KIT","2 PANELES","KIT UNION A 90CM GRADOS DE 204CM LINK CRITTERIUM CRAC070030","","PLASTICO + LAMINA","NO_DOCUMENTADO","606900","COP","PRICED","195","USD","PRICED","91","USD","PRICED"
"22191900095","PT_CRITTERIUM_8","SI","KIT","2 PANELES","KIT UNION A 90 GRADOS DE 242CM LINK CRITTERIUM CRAC070090","","PLASTICO + LAMINA","NO_DOCUMENTADO","730800","COP","PRICED","234","USD","PRICED","109","USD","PRICED"
"22191900096","PT_CRITTERIUM_8","SI","KIT","2 PANELES","KIT UNION A 90CM GRADOS DE 280CM LINK CRITTERIUM CRAC070090","","PLASTICO + LAMINA","NO_DOCUMENTADO","788550","COP","PRICED","254","USD","PRICED","118","USD","PRICED"
"22191900097","PT_CRITTERIUM_8","SI","KIT","2 PANELES","KIT UNION A 90 GRADOS DE 318CM LINK CRITTERIUM CRAC070090","","PLASTICO + LAMINA","NO_DOCUMENTADO","830550","COP","PRICED","266","USD","PRICED","124","USD","PRICED"
"22191900098","PT_CRITTERIUM_8","NO","KIT","3 PANELES","KIT UNION A 120 GRADOS DE 90CM LINK CRITTERIUM CRAC070040","","INDEFINIDO","NO_DOCUMENTADO","378000","COP","PRICED","121","USD","PRICED","56","USD","PRICED"
"22191900101","PT_CRITTERIUM_8","NO","KIT","3 PANELES","KIT UNION A 120 GRADOS DE 128CM LINK CRITTERIUM CRAC070040","","INDEFINIDO","NO_DOCUMENTADO","452550","COP","PRICED","144","USD","PRICED","67","USD","PRICED"
"22191900103","PT_CRITTERIUM_8","NO","KIT","3 PANELES","KIT UNION A 120 GRADOS DE 166CM LINK CRITTERIUM CRAC070040","","INDEFINIDO","NO_DOCUMENTADO","565950","COP","PRICED","181","USD","PRICED","84","USD","PRICED"
"22191900105","PT_CRITTERIUM_8","NO","KIT","3 PANELES","KIT UNION A 120 GRADOS DE 204CM LINK CRITTERIUM CRAC070040","","INDEFINIDO","NO_DOCUMENTADO","721350","COP","PRICED","232","USD","PRICED","108","USD","PRICED"
"22191900107","PT_CRITTERIUM_8","NO","KIT","3 PANELES","KIT UNION A 120 GRADOS DE 242CM LINK CRITTERIUM CRAC090020","","INDEFINIDO","NO_DOCUMENTADO","727650","COP","PRICED","234","USD","PRICED","109","USD","PRICED"
"22191900109","PT_CRITTERIUM_8","NO","KIT","3 PANELES","KIT UNION A 120 GRADOS DE 280CM CRITTERIUM","","INDEFINIDO","NO_DOCUMENTADO","822150","COP","PRICED","263","USD","PRICED","123","USD","PRICED"
"22191900110","PT_CRITTERIUM_8","NO","KIT","3 PANELES","KIT UNION A 120 GRADOS DE 318CM CRITTERIUM","","INDEFINIDO","NO_DOCUMENTADO","877800","COP","PRICED","283","USD","PRICED","132","USD","PRICED"
"22191900112","PT_CRITTERIUM_8","SI","KIT","4 PANELES","KIT UNION EN CRUZ DE 90CM LINK CRITTERIUM CRAC070070","","INDEFINIDO","NO_DOCUMENTADO","502950","COP","PRICED","161","USD","PRICED","75","USD","PRICED"
"22191900113","PT_CRITTERIUM_8","SI","KIT","4 PANELES","KIT UNION EN CRUZ DE 128CM LINK CRITTERIUM CRAC070070","","INDEFINIDO","NO_DOCUMENTADO","601650","COP","PRICED","192","USD","PRICED","89","USD","PRICED"
"22191900114","PT_CRITTERIUM_8","SI","KIT","4 PANELES","KIT UNION EN CRUZ DE 166CM LINK CRITTERIUM CRAC070070","","INDEFINIDO","NO_DOCUMENTADO","754950","COP","PRICED","240","USD","PRICED","112","USD","PRICED"
"22191900115","PT_CRITTERIUM_8","SI","KIT","4 PANELES","KIT UNION EN CRUZ DE 204CM LINK CRITTERIUM CRAC070070","","INDEFINIDO","NO_DOCUMENTADO","964950","COP","PRICED","311","USD","PRICED","145","USD","PRICED"
"22191900116","PT_CRITTERIUM_8","SI","KIT","4 PANELES","KIT UNION EN CRUZ DE 242CM LINK CRITTERIUM CRAC070130","","INDEFINIDO","NO_DOCUMENTADO","977550","COP","PRICED","314","USD","PRICED","147","USD","PRICED"
"22191900117","PT_CRITTERIUM_8","SI","KIT","4 PANELES","KIT UNION EN CRUZ DE 280CM LINK CRITTERIUM CRAC070130","","INDEFINIDO","NO_DOCUMENTADO","1102500","COP","PRICED","353","USD","PRICED","165","USD","PRICED"
"22191900118","PT_CRITTERIUM_8","SI","KIT","4 PANELES","KIT UNION EN CRUZ DE 318CM LINK CRITTERIUM CRAC070130","","INDEFINIDO","NO_DOCUMENTADO","1177050","COP","PRICED","379","USD","PRICED","176","USD","PRICED"
"22191900119","PT_CRITTERIUM_8","NO","KIT","2 PANELES","KIT UNION A 45 GRADOS DE 90CM LINK CRITTERIUM CRAC070020","","PLASTICO + LAMINA","NO_DOCUMENTADO","274050","COP","PRICED","88","USD","PRICED","41","USD","PRICED"
"22191900120","PT_CRITTERIUM_8","NO","KIT","2 PANELES","KIT UNION A 45 GRADOS DE 128 LINK CRITTERIUM CRAC070020","","PLASTICO + LAMINA","NO_DOCUMENTADO","328650","COP","PRICED","105","USD","PRICED","49","USD","PRICED"
"22191900121","PT_CRITTERIUM_8","NO","KIT","2 PANELES","KIT UNION A 45 GRADOS DE 166CM LINK CRITTERIUM CRAC070020","","PLASTICO + LAMINA","NO_DOCUMENTADO","427350","COP","PRICED","136","USD","PRICED","64","USD","PRICED"
"22191900122","PT_CRITTERIUM_8","NO","KIT","2 PANELES","KIT UNION A 45 GRADOS DE 204CM LINK CRITTERIUM CRAC070020","","PLASTICO + LAMINA","NO_DOCUMENTADO","511350","COP","PRICED","164","USD","PRICED","77","USD","PRICED"
"22191900123","PT_CRITTERIUM_8","NO","KIT","2 PANELES","KIT UNION A 45 GRADOS DE 242CM LINK CRITTERIUM CRAC070080","","PLASTICO + LAMINA","NO_DOCUMENTADO","605850","COP","PRICED","195","USD","PRICED","91","USD","PRICED"
"22191900124","PT_CRITTERIUM_8","NO","KIT","2 PANELES","KIT UNION A 45 GRADOS DE 280CM LINK CRITTERIUM CRAC070080","","PLASTICO + LAMINA","NO_DOCUMENTADO","664650","COP","PRICED","215","USD","PRICED","100","USD","PRICED"
"22191900125","PT_CRITTERIUM_8","NO","KIT","2 PANELES","KIT UNION A 45 GRADOS DE 318CM CRITTERIUM CRAC070080","","PLASTICO + LAMINA","NO_DOCUMENTADO","687750","COP","PRICED","220","USD","PRICED","103","USD","PRICED"
"22191900126","PT_CRITTERIUM_8","SI","KIT","1 PANEL","KIT TERMINAL DE 90CM LINK CRITTERIUM CRAC070010","","INDEFINIDO","NO_DOCUMENTADO","158550","COP","PRICED","51","USD","PRICED","23","USD","PRICED"
"22191900127","PT_CRITTERIUM_8","SI","KIT","1 PANEL","KIT TERMINAL DE 128CM LINK CRITTERIUM CRAC070010","","INDEFINIDO","NO_DOCUMENTADO","169050","COP","PRICED","54","USD","PRICED","25","USD","PRICED"
"22191900128","PT_CRITTERIUM_8","SI","KIT","1 PANEL","KIT TERMINAL DE 166CM LINK CRITTERIUM CRAC070010","","INDEFINIDO","NO_DOCUMENTADO","207900","COP","PRICED","65","USD","PRICED","31","USD","PRICED"
"22191900129","PT_CRITTERIUM_8","SI","KIT","1 PANEL","KIT TERMINALDE 204CM LINK CRITTERIUM CRAC070010","","INDEFINIDO","NO_DOCUMENTADO","228900","COP","PRICED","73","USD","PRICED","34","USD","PRICED"
"22191900130","PT_CRITTERIUM_8","NO","KIT","1 PANEL","KIT TERMINAL PISO TECHO DE 242CM LINK CRITTERIUM CRAC070140","","INDEFINIDO","NO_DOCUMENTADO","331800","COP","PRICED","105","USD","PRICED","48","USD","PRICED"
"22191900131","PT_CRITTERIUM_8","NO","KIT","1 PANEL","KIT TERMINAL PISO TECHO DE 280CM LINK CRITTERIUM CRAC070140","","INDEFINIDO","NO_DOCUMENTADO","349650","COP","PRICED","110","USD","PRICED","51","USD","PRICED"
"22191900132","PT_CRITTERIUM_8","NO","KIT","1 PANEL","KIT TERMINAL PISO TECHO DE 318CM LINK CRITTERIUM CRAC070140","","INDEFINIDO","NO_DOCUMENTADO","368550","COP","PRICED","113","USD","PRICED","53","USD","PRICED"
"22191900142","PT_CRITTERIUM_8","NO","KIT","1 PANEL","KIT LLEGADA A PARED SIN CANALETA DE 90CM LINK CRITTERIUM CRAC020000","","INDEFINIDO","NO_DOCUMENTADO","217350","COP","PRICED","71","USD","PRICED","33","USD","PRICED"
"22191900143","PT_CRITTERIUM_8","NO","KIT","1 PANEL","KIT LLEGADA A PARED SIN CANALETA DE 128CM LINK CRITTERIUM CRAC020000","","INDEFINIDO","NO_DOCUMENTADO","245700","COP","PRICED","79","USD","PRICED","37","USD","PRICED"
"22191900144","PT_CRITTERIUM_8","NO","KIT","1 PANEL","KIT LLEGADA A PARED SIN CANALETA DE 166CM LINK CRITTERIUM CRAC020000","","INDEFINIDO","NO_DOCUMENTADO","296100","COP","PRICED","93","USD","PRICED","44","USD","PRICED"
"22191900145","PT_CRITTERIUM_8","NO","KIT","1 PANEL","KIT LLEGADA A PARED SIN CANALETA DE 204 LINK CRITTERIUM CRAC020000","","INDEFINIDO","NO_DOCUMENTADO","361200","COP","PRICED","116","USD","PRICED","54","USD","PRICED"
"22191900146","PT_CRITTERIUM_8","NO","KIT","1 PANEL","KIT LLEGADA A PARED SIN CANALETA DE 242 LINK CRITTERIUM CRAC020000","","INDEFINIDO","NO_DOCUMENTADO","336000","COP","PRICED","107","USD","PRICED","50","USD","PRICED"
"22191900147","PT_CRITTERIUM_8","NO","KIT","1 PANEL","KIT LLEGADA A PARED SIN CANALETA DE 280 LINK CRITTERIUM CRAC020000","","INDEFINIDO","NO_DOCUMENTADO","385350","COP","PRICED","124","USD","PRICED","58","USD","PRICED"
"22191900148","PT_CRITTERIUM_8","NO","KIT","1 PANEL","KIT LLEGADA A PARED SIN CANALETA DE 318 LINK CRITTERIUM CRAC020000","","INDEFINIDO","NO_DOCUMENTADO","429450","COP","PRICED","138","USD","PRICED","65","USD","PRICED"
"22191900149","PT_CRITTERIUM_8","NO","KIT","1 PANEL","KIT LLEGADA A PARED CON CANALETA DE 90CM LINK CRITTERIUM CRAC030000","","INDEFINIDO","NO_DOCUMENTADO","294000","COP","PRICED","99","USD","PRICED","46","USD","PRICED"
"22191900150","PT_CRITTERIUM_8","NO","KIT","1 PANEL","KIT LLEGADA A PARED CON CANALETA DE 128CM LINK CRITTERIUM CRAC030000","","INDEFINIDO","NO_DOCUMENTADO","350700","COP","PRICED","116","USD","PRICED","55","USD","PRICED"
"22191900151","PT_CRITTERIUM_8","NO","KIT","1 PANEL","KIT LLEGADA A PARED CON CANALETA DE 166CM LINK CRITTERIUM CRAC030000","","INDEFINIDO","NO_DOCUMENTADO","432600","COP","PRICED","144","USD","PRICED","67","USD","PRICED"
"22191900152","PT_CRITTERIUM_8","NO","KIT","1 PANEL","KIT LLEGADA A PARED CON CANALETA DE 204 LINK CRITTERIUM CRAC030000","","INDEFINIDO","NO_DOCUMENTADO","511350","COP","PRICED","172","USD","PRICED","80","USD","PRICED"
"22191900153","PT_CRITTERIUM_8","NO","KIT","1 PANEL","KIT LLEGADA A PARED CON CANALETA DE 242 LINK CRITTERIUM CRAC030000","","INDEFINIDO","NO_DOCUMENTADO","556500","COP","PRICED","186","USD","PRICED","87","USD","PRICED"
"22191900154","PT_CRITTERIUM_8","NO","KIT","1 PANEL","KIT LLEGADA A PARED CON CANALETA DE 280 LINK CRITTERIUM CRAC030000","","INDEFINIDO","NO_DOCUMENTADO","617400","COP","PRICED","206","USD","PRICED","97","USD","PRICED"
"22191900155","PT_CRITTERIUM_8","NO","KIT","1 PANEL","KIT LLEGADA A PARED CON CANALETA DE 318 LINK CRITTERIUM CRAC030000","","INDEFINIDO","NO_DOCUMENTADO","754950","COP","PRICED","254","USD","PRICED","118","USD","PRICED"
"22191900156","PT_CRITTERIUM_8","NO","KIT","ZOCALO INTERMEDIO","ZOCALO INTERMEDIO SENCILLO 60 LINK CRITTERIUM CRAC010000","CRAC-010-000","LAMINA","NO_DOCUMENTADO","322350","COP","PRICED","102","USD","PRICED","48","USD","PRICED"
"22191900157","PT_CRITTERIUM_8","NO","KIT","ZOCALO INTERMEDIO","ZOCALO INTERMEDIO SENCILLO 75 LINK CRITTERIUM CRAC010000","CRAC-010-000","LAMINA","NO_DOCUMENTADO","334950","COP","PRICED","107","USD","PRICED","50","USD","PRICED"
"22191900158","PT_CRITTERIUM_8","NO","KIT","ZOCALO INTERMEDIO","ZOCALO INTERMEDIO SENCILLO 90 LINK CRITTERIUM CRAC010000","CRAC-010-000","LAMINA","NO_DOCUMENTADO","394800","COP","PRICED","124","USD","PRICED","58","USD","PRICED"
"22191900160","PT_CRITTERIUM_8","NO","KIT","ZOCALO INTERMEDIO","ZOCALO INTERMEDIO SENCILLO 120 LINK CRITTERIUM CRAC010000","CRAC-010-000","LAMINA","NO_DOCUMENTADO","428400","COP","PRICED","136","USD","PRICED","63","USD","PRICED"
"22191900163","PT_CRITTERIUM_8","SI","MODULO","DE CRECIMIENTO","MODULO CRECIMIENTO 38X60CM LINK CRITTERIUM CRMA070000","","LAMINA","NO_DOCUMENTADO","233100","COP","PRICED","73","USD","PRICED","34","USD","PRICED"
"22191900164","PT_CRITTERIUM_8","SI","MODULO","DE CRECIMIENTO","MODULO CRECIMIENTO 38X75CM LINK CRITTERIUM CRMA070000","","LAMINA","NO_DOCUMENTADO","235200","COP","PRICED","73","USD","PRICED","35","USD","PRICED"
"22191900165","PT_CRITTERIUM_8","SI","MODULO","DE CRECIMIENTO","MODULO CRECIMIENTO 38X90CM LINK CRITTERIUM CRMA070000","","LAMINA","NO_DOCUMENTADO","241500","COP","PRICED","76","USD","PRICED","36","USD","PRICED"
"22191900167","PT_CRITTERIUM_8","SI","MODULO","DE CRECIMIENTO","MODULO CRECIMIENTO 38X120CM LINK CRITTERIUM CRMA070000","","LAMINA","NO_DOCUMENTADO","243600","COP","PRICED","76","USD","PRICED","36","USD","PRICED"
"22191900222","PT_CRITTERIUM_8","SI","MARCO PANEL","RECTO","MARCO PANEL MEDIA ALTURA 110X30X8CM LINK CRITTERIUM CRMA010001","","LAMINA","NO_DOCUMENTADO","392700","COP","PRICED","121","USD","PRICED","57","USD","PRICED"
"22191900223","PT_CRITTERIUM_8","SI","MARCO PANEL","RECTO","MARCO PANEL MEDIA ALTURA 110X45X8CM LINK CRITTERIUM CRMA010001","","LAMINA","NO_DOCUMENTADO","414750","COP","PRICED","130","USD","PRICED","60","USD","PRICED"
"22191900224","PT_CRITTERIUM_8","SI","MARCO PANEL","RECTO","MARCO PANEL MEDIA ALTURA 110X60X8CM LINK CRITTERIUM CRMA010001","","LAMINA","NO_DOCUMENTADO","439950","COP","PRICED","136","USD","PRICED","63","USD","PRICED"
"22191900225","PT_CRITTERIUM_8","SI","MARCO PANEL","RECTO","MARCO PANEL MEDIA ALTURA 110X75X8CM LINK CRITTERIUM CRMA010001","","LAMINA","NO_DOCUMENTADO","487200","COP","PRICED","147","USD","PRICED","68","USD","PRICED"
"22191900226","PT_CRITTERIUM_8","SI","MARCO PANEL","RECTO","MARCO PANEL MEDIA ALTURA 110X90X8CM LINK CRITTERIUM CRMA010001","","LAMINA","NO_DOCUMENTADO","518700","COP","PRICED","155","USD","PRICED","72","USD","PRICED"
"22191900228","PT_CRITTERIUM_8","SI","MARCO PANEL","RECTO","MARCO PANEL MEDIA ALTURA 110X120X8CM LINK CRITTERIUM CRMA010001","","LAMINA","NO_DOCUMENTADO","556500","COP","PRICED","164","USD","PRICED","76","USD","PRICED"
"22191900251","PT_CRITTERIUM_8","NO","MARCO PANEL","RECTO","MARCO PANEL MEDIA ALTURA 110X150X8CM LINK CRITTERIUM CRMA010001","","LAMINA","NO_DOCUMENTADO","603750","COP","PRICED","178","USD","PRICED","82","USD","PRICED"
"22191900281","PT_CRITTERIUM_8","SI","KIT","2 PANELES","KIT UNION A 90CM GRADOS DE 110CM LINK CRITTERIUM CRAC070030","","PLASTICO + LAMINA","NO_DOCUMENTADO","373800","COP","PRICED","119","USD","PRICED","56","USD","PRICED"
"22191900282","PT_CRITTERIUM_8","NO","KIT","4 PANELES","KIT UNION EN CRUZ DE 110CM CRITTERIUM","","INDEFINIDO","NO_DOCUMENTADO","491400","COP","PRICED","158","USD","PRICED","73","USD","PRICED"
"22191900313","PT_CRITTERIUM_8","NO","DUCTO","BAJANTE","DUCTO BAJANTE 100 MULTIPLE LINK CRITTERIUM CRAC120000","","LAMINA","NO_DOCUMENTADO","709800","COP","PRICED","232","USD","PRICED","109","USD","PRICED"
"22191900314","PT_CRITTERIUM_8","NO","DUCTO","BAJANTE","DUCTO BAJANTE 200 MULTIPLE LINK CRITTERIUM CRAC120000","","LAMINA","NO_DOCUMENTADO","1066800","COP","PRICED","350","USD","PRICED","163","USD","PRICED"
"22191900315","PT_CRITTERIUM_8","NO","DUCTO","BAJANTE","DUCTO BAJANTE 300 MULTIPLE LINK CRITTERIUM CRAC120000","","LAMINA","NO_DOCUMENTADO","1449000","COP","PRICED","475","USD","PRICED","222","USD","PRICED"
"22191900343","PT_CRITTERIUM_8","NO","TAPA","ZOCALO","TAPA ZOCALO LISA 60 LINK CRITTERIUM CRMA012016","","LAMINA","NO_DOCUMENTADO","","COP","CODE_WITHOUT_PRICE","","USD","CODE_WITHOUT_PRICE","","USD","CODE_WITHOUT_PRICE"
"22191900344","PT_CRITTERIUM_8","NO","TAPA","ZOCALO","TAPA ZOCALO LISA 75 LINK CRITTERIUM CRMA012016","","LAMINA","NO_DOCUMENTADO","","COP","CODE_WITHOUT_PRICE","","USD","CODE_WITHOUT_PRICE","","USD","CODE_WITHOUT_PRICE"
"22191900345","PT_CRITTERIUM_8","NO","TAPA","ZOCALO","TAPA ZOCALO LISA 90 LINK CRITTERIUM CRMA012016","","LAMINA","NO_DOCUMENTADO","","COP","CODE_WITHOUT_PRICE","","USD","CODE_WITHOUT_PRICE","","USD","CODE_WITHOUT_PRICE"
"22191900347","PT_CRITTERIUM_8","NO","TAPA","ZOCALO","TAPA ZOCALO LISA 120 LINK CRITTERIUM CRMA012016","","LAMINA","NO_DOCUMENTADO","","COP","CODE_WITHOUT_PRICE","","USD","CODE_WITHOUT_PRICE","","USD","CODE_WITHOUT_PRICE"
"22191900348","PT_CRITTERIUM_8","NO","TAPA","ZOCALO","TAPA ZOCALO TOMA 60 LINK CRITTERIUM CRMA012011","","LAMINA","NO_DOCUMENTADO","","COP","CODE_WITHOUT_PRICE","","USD","CODE_WITHOUT_PRICE","","USD","CODE_WITHOUT_PRICE"
"22191900349","PT_CRITTERIUM_8","NO","TAPA","ZOCALO","TAPA ZOCALO TOMA 75 LINK CRITTERIUM CRMA012011","","LAMINA","NO_DOCUMENTADO","","COP","CODE_WITHOUT_PRICE","","USD","CODE_WITHOUT_PRICE","","USD","CODE_WITHOUT_PRICE"
"22191900350","PT_CRITTERIUM_8","NO","TAPA","ZOCALO","TAPA ZOCALO TOMA 90 LINK CRITTERIUM CRMA012011","","LAMINA","NO_DOCUMENTADO","","COP","CODE_WITHOUT_PRICE","","USD","CODE_WITHOUT_PRICE","","USD","CODE_WITHOUT_PRICE"
"22191900352","PT_CRITTERIUM_8","NO","TAPA","ZOCALO","TAPA ZOCALO TOMA 120 LINK CRITTERIUM CRMA012011","","LAMINA","NO_DOCUMENTADO","","COP","CODE_WITHOUT_PRICE","","USD","CODE_WITHOUT_PRICE","","USD","CODE_WITHOUT_PRICE"
"22191900452","PT_CRITTERIUM_8","NO","BANDEJA","INTERMEDIA","BANDEJA INTERMEDIA 30 MULTIPLE CRITTERIUM CRMA010021","","ALUMINIO","NO_DOCUMENTADO","","COP","CODE_WITHOUT_PRICE","8","USD","PRICED","","USD","CODE_WITHOUT_PRICE"
"22191900453","PT_CRITTERIUM_8","NO","BANDEJA","INTERMEDIA","BANDEJA INTERMEDIA 45 MULTIPLE CRITTERIUM CRMA010021","","ALUMINIO","NO_DOCUMENTADO","","COP","CODE_WITHOUT_PRICE","8","USD","PRICED","","USD","CODE_WITHOUT_PRICE"
"22191900454","PT_CRITTERIUM_8","NO","BANDEJA","INTERMEDIA","BANDEJA INTERMEDIA 60 MULTIPLE CRITTERIUM CRMA010020","","ALUMINIO","NO_DOCUMENTADO","","COP","CODE_WITHOUT_PRICE","","USD","CODE_WITHOUT_PRICE","","USD","CODE_WITHOUT_PRICE"
"22191900455","PT_CRITTERIUM_8","NO","BANDEJA","INTERMEDIA","BANDEJA INTERMEDIA 75 MULTIPLE CRITTERIUM CRMA010020","","ALUMINIO","NO_DOCUMENTADO","","COP","CODE_WITHOUT_PRICE","14","USD","PRICED","","USD","CODE_WITHOUT_PRICE"
"22191900456","PT_CRITTERIUM_8","NO","BANDEJA","INTERMEDIA","BANDEJA INTERMEDIA 90 MULTIPLE CRITTERIUM CRMA010020","","ALUMINIO","NO_DOCUMENTADO","","COP","CODE_WITHOUT_PRICE","","USD","CODE_WITHOUT_PRICE","","USD","CODE_WITHOUT_PRICE"
"22191900457","PT_CRITTERIUM_8","NO","BANDEJA","INTERMEDIA","BANDEJA INTERMEDIA 105 MULTIPLE CRITTERIUM CRMA010020","","ALUMINIO","NO_DOCUMENTADO","","COP","CODE_WITHOUT_PRICE","","USD","CODE_WITHOUT_PRICE","","USD","CODE_WITHOUT_PRICE"
"22191900458","PT_CRITTERIUM_8","NO","BANDEJA","INTERMEDIA","BANDEJA INTERMEDIA 120 MULTIPLE CRITTERIUM CRMA010020","","ALUMINIO","NO_DOCUMENTADO","","COP","CODE_WITHOUT_PRICE","","USD","CODE_WITHOUT_PRICE","","USD","CODE_WITHOUT_PRICE"
"22191900459","PT_CRITTERIUM_8","NO","BANDEJA","INTERMEDIA","BANDEJA INTERMEDIA 150 MULTIPLE CRITTERIUM CRMA010020","","ALUMINIO","NO_DOCUMENTADO","","COP","CODE_WITHOUT_PRICE","","USD","CODE_WITHOUT_PRICE","","USD","CODE_WITHOUT_PRICE"
"22191900469","PT_CRITTERIUM_8","NO","BISEL","SUPERIOR","BISEL SUPERIOR MARCO PANEL 30CM LINK MULTIPLE CRITTERIUM CRMA013000","","LAMINA","NO_DOCUMENTADO","82950","COP","PRICED","25","USD","PRICED","12","USD","PRICED"
"22191900470","PT_CRITTERIUM_8","NO","BISEL","SUPERIOR","BISEL SUPERIOR MARCO PANEL 45CM LINK MULTIPLE CRITTERIUM CRMA013000","","LAMINA","NO_DOCUMENTADO","84000","COP","PRICED","28","USD","PRICED","13","USD","PRICED"
"22191900471","PT_CRITTERIUM_8","NO","BISEL","SUPERIOR","BISEL SUPERIOR MARCO PANEL 60CM LINK MULTIPLE CRITTERIUM CRMA013000","","LAMINA","NO_DOCUMENTADO","89250","COP","PRICED","28","USD","PRICED","13","USD","PRICED"
"22191900472","PT_CRITTERIUM_8","NO","BISEL","SUPERIOR","BISEL SUPERIOR MARCO PANEL 75CM LINK MULTIPLE CRITTERIUM CRMA013000","","LAMINA","NO_DOCUMENTADO","92400","COP","PRICED","28","USD","PRICED","14","USD","PRICED"
"22191900473","PT_CRITTERIUM_8","NO","BISEL","SUPERIOR","BISEL SUPERIOR MARCO PANEL 90CM LINK MULTIPLE CRITTERIUM CRMA013000","","LAMINA","NO_DOCUMENTADO","95550","COP","PRICED","31","USD","PRICED","14","USD","PRICED"
"22191900475","PT_CRITTERIUM_8","NO","BISEL","SUPERIOR","BISEL SUPERIOR MARCO PANEL 120CM LINK MULTIPLE CRITTERIUM CRMA013000","","LAMINA","NO_DOCUMENTADO","102900","COP","PRICED","31","USD","PRICED","15","USD","PRICED"
"22191900476","PT_CRITTERIUM_8","NO","BISEL","SUPERIOR","BISEL SUPERIOR MARCO PANEL 150CM LINK MULTIPLE CRITTERIUM CRMA013000","","LAMINA","NO_DOCUMENTADO","110250","COP","PRICED","34","USD","PRICED","16","USD","PRICED"
"22191900479","PT_CRITTERIUM_8","NO","CINTA","CAMBIO DE ALTURA","CINTA CAMBIO DE ALTURA 114 MULTIPLE CRITTERIUM","","INDEFINIDO","NO_DOCUMENTADO","","COP","CODE_WITHOUT_PRICE","","USD","CODE_WITHOUT_PRICE","","USD","CODE_WITHOUT_PRICE"
"22191900480","PT_CRITTERIUM_8","NO","CINTA","CAMBIO DE ALTURA","CINTA CAMBIO DE ALTURA 90 A PISO TECHO MULTIPLE CRITTERIUM","","INDEFINIDO","NO_DOCUMENTADO","","COP","CODE_WITHOUT_PRICE","42","USD","PRICED","","USD","CODE_WITHOUT_PRICE"
"22191900481","PT_CRITTERIUM_8","NO","CINTA","CAMBIO DE ALTURA","CINTA CAMBIO DE ALTURA 110 A PISO TECHO MULTIPLE CRITTERIUM","","INDEFINIDO","NO_DOCUMENTADO","","COP","CODE_WITHOUT_PRICE","20","USD","PRICED","","USD","CODE_WITHOUT_PRICE"
"22191900482","PT_CRITTERIUM_8","NO","CINTA","CAMBIO DE ALTURA","CINTA CAMBIO DE ALTURA 128 A PISO TECHO MULTIPLE CRITTERIUM","","INDEFINIDO","NO_DOCUMENTADO","","COP","CODE_WITHOUT_PRICE","","USD","CODE_WITHOUT_PRICE","","USD","CODE_WITHOUT_PRICE"
"22191900483","PT_CRITTERIUM_8","NO","CINTA","CAMBIO DE ALTURA","CINTA CAMBIO DE ALTURA 166 A PISO TECHO MULTIPLE CRITTERIUM","","INDEFINIDO","NO_DOCUMENTADO","","COP","CODE_WITHOUT_PRICE","31","USD","PRICED","","USD","CODE_WITHOUT_PRICE"
"22191900484","PT_CRITTERIUM_8","NO","CINTA","CAMBIO DE ALTURA","CINTA CAMBIO DE ALTURA 204 A PISO TECHO MULTIPLE CRITTERIUM","","INDEFINIDO","NO_DOCUMENTADO","","COP","CODE_WITHOUT_PRICE","73","USD","PRICED","","USD","CODE_WITHOUT_PRICE"
"22191900510","PT_CRITTERIUM_8","NO","TRAVESANO","TOMA","TRAVESAÑO TOMA KIT ZOCALO INTERMEDIO 105 MULTIPLE CRITTERIUM","","LAMINA","NO_DOCUMENTADO","","COP","CODE_WITHOUT_PRICE","","USD","CODE_WITHOUT_PRICE","","USD","CODE_WITHOUT_PRICE"
"22191900758","MAPA_PRODUCTO","SI","","","","","","NO_DOCUMENTADO","444150","COP","PRICED","144","USD","PRICED","68","USD","PRICED"
"22191900759","MAPA_PRODUCTO","SI","","","","","","NO_DOCUMENTADO","714000","COP","PRICED","232","USD","PRICED","109","USD","PRICED"
"22191900760","MAPA_PRODUCTO","SI","","","","","","NO_DOCUMENTADO","1053150","COP","PRICED","342","USD","PRICED","160","USD","PRICED"
"22191900761","MAPA_PRODUCTO","SI","","","","","","NO_DOCUMENTADO","1109850","COP","PRICED","362","USD","PRICED","169","USD","PRICED"
"22191900762","MAPA_PRODUCTO","SI","","","","","","NO_DOCUMENTADO","1176000","COP","PRICED","384","USD","PRICED","179","USD","PRICED"
"22191900768","MAPA_PRODUCTO","SI","","","","","","NO_DOCUMENTADO","351750","COP","PRICED","116","USD","PRICED","54","USD","PRICED"
"22191900769","MAPA_PRODUCTO","SI","","","","","","NO_DOCUMENTADO","531300","COP","PRICED","172","USD","PRICED","81","USD","PRICED"
"22191900770","MAPA_PRODUCTO","SI","","","","","","NO_DOCUMENTADO","778050","COP","PRICED","254","USD","PRICED","118","USD","PRICED"
"22191900771","MAPA_PRODUCTO","SI","","","","","","NO_DOCUMENTADO","849450","COP","PRICED","277","USD","PRICED","129","USD","PRICED"
"22191900772","MAPA_PRODUCTO","SI","","","","","","NO_DOCUMENTADO","894600","COP","PRICED","291","USD","PRICED","136","USD","PRICED"
"22191900939","PT_CRITTERIUM_8","NO","BALDOSA","RECEPCION C8","BALDOSA TODO VIDRIO LAMINADO RECEPCION 90X90X1.5CM LINK CRITTERIUM 8 CRBA570000","","VIDRIO LAMINADO","NO_DOCUMENTADO","957600","COP","PRICED","336","USD","PRICED","157","USD","PRICED"
"22191900940","PT_CRITTERIUM_8","NO","BALDOSA","RECEPCION C8","BALDOSA TODO VIDRIO LAMINADO RECEPCION 120X90X1.5CM LINK CRITTERIUM 8 CRBA570000","","VIDRIO LAMINADO","NO_DOCUMENTADO","1220100","COP","PRICED","429","USD","PRICED","200","USD","PRICED"
"22191900941","PT_CRITTERIUM_8","NO","BALDOSA","RECEPCION C8","BALDOSA TODO VIDRIO LAMINADO RECEPCION 150X90X1.5CM LINK CRITTERIUM 8 CRBA570000","","VIDRIO LAMINADO","NO_DOCUMENTADO","1478400","COP","PRICED","517","USD","PRICED","241","USD","PRICED"
"22192000255","PT_CRITTERIUM_8","NO","MARCO PANEL","RECTO","MARCO PANEL MEDIA ALTURA 90X150X8CM LINK CRITTERIUM CRMA010001","","LAMINA","NO_DOCUMENTADO","562800","COP","PRICED","167","USD","PRICED","78","USD","PRICED"
"22192000256","PT_CRITTERIUM_8","NO","MARCO PANEL","RECTO","MARCO PANEL MEDIA ALTURA 128X150X8CM LINK CRITTERIUM CRMA010001","","LAMINA","NO_DOCUMENTADO","611100","COP","PRICED","178","USD","PRICED","83","USD","PRICED"
